"urn:cts:greekLit:tlg0012.tlg001:1.1-1.2","urn:cts:ahcip:GregoryNagy.HomerTheClassic:c_2.s_283","reference","enjambment of the epithet oulomenē describing mēnis here as analogous to the enjambment of the epithet dourateos of hippos in O.08.492-493"
"urn:cts:greekLit:tlg0012.tlg001:1.69ab","urn:cts:ahcip:GregoryNagy.HomerTheClassic:c_P.s_48.n_","reference to verse and scholia","in the list of West’s (2001:40n33) list of plus-verses, in the context of analyzing plus-verses in Zenodotus’ (vs. Aristarchus’) text of Homer and Zenodotus’ deletion as well as athetesis of them [MRBTP: scholia]"
"urn:cts:greekLit:tlg0012.tlg001:1.85c","urn:cts:ahcip:GregoryNagy.HomerTheClassic:c_4.s_39.t_10","reference to verse, scholia quoted and translated","in a list of scholia exemplifying the relationship of Koine and Attic [MRBTP: scholia]"
"urn:cts:greekLit:tlg0012.tlg001:1.216a","urn:cts:ahcip:GregoryNagy.HomerTheClassic:c_4.s_39.t_6","reference to verse, scholia quoted and translated","in a list of scholia exemplifying the relationship of Koine and Attic [MRBTP: scholia]"
"urn:cts:greekLit:tlg0012.tlg001:1.234","urn:cts:ahcip:GregoryNagy.HomerTheClassic:c_3.s_110","reference","comparison of the representation of Minos and Zeus (here, regarding holding a skēptron), in the context of comparing Plato’s Hippias to Minos"
"urn:cts:greekLit:tlg0012.tlg001:1.234","urn:cts:ahcip:GregoryNagy.HomerTheClassic:c_4.s_137","reference","comparison of the representation of Minos and Zeus (here, regarding holding a skēptron), in the context of comparing Plato’s Hippias to Minos"
"urn:cts:greekLit:tlg0012.tlg001:1.238-1.239","urn:cts:ahcip:GregoryNagy.HomerTheClassic:c_3.s_110","quoting part of the verses","comparison of the representation of Minos and Zeus (here, regarding dispensing themistes), in the context of comparing Plato’s Hippias to Minos"
"urn:cts:greekLit:tlg0012.tlg001:1.238-1.239","urn:cts:ahcip:GregoryNagy.HomerTheClassic:c_4.s_137","quoting part of the verses","comparison of the representation of Minos and Zeus (here, regarding dispensing themistes), in the context of comparing Plato’s Hippias to Minos"
"urn:cts:greekLit:tlg0012.tlg001:1.299","urn:cts:ahcip:GregoryNagy.HomerTheClassic:c_P.s_128.t_9","quoted within scholia to I.06.355a1","example of epei me (enclitic) in the context of the analysis of EPEISE read as epei sé (non-enclitic) as opposed to epei se (enclitic), according to Herodian"
"urn:cts:greekLit:tlg0012.tlg001:1.465b","urn:cts:ahcip:GregoryNagy.HomerTheClassic:c_P.s_65","reference","example of the blurring of the distinction between lēmmata derived from the base text (as by Aristarchus) and those from the commentaries of Aristarchus (as by Didymus) [MRBTP: scholia]"
"urn:cts:greekLit:tlg0012.tlg001:1.465b1","urn:cts:ahcip:GregoryNagy.HomerTheClassic:c_P.s_142.t_19","scholia quoted and translated","example of the ‘Homeric’ reading as generally ‘the Koine reading’ by default for Aristarchus [MRBTP: scholia]"
"urn:cts:greekLit:tlg0012.tlg001:1.465b2","urn:cts:ahcip:GregoryNagy.HomerTheClassic:c_P.s_142.t_20","scholia quoted and translated","example of the ‘Homeric’ reading as generally ‘the Koine reading’ by default for Aristarchus [MRBTP: scholia]"
"urn:cts:greekLit:tlg0012.tlg001:1.465b2","urn:cts:ahcip:GregoryNagy.HomerTheClassic:c_P.s_142.t_21","scholia quoted and translated","example of the ‘Homeric’ reading as generally ‘the Koine reading’ by default for Aristarchus [MRBTP: scholia]"
"urn:cts:greekLit:tlg0012.tlg001:1.528-1.530","urn:cts:ahcip:GregoryNagy.HomerTheClassic:c_4.s_95.t_10","quoted and translated (as part of Strabo 8.3.30 C354)","analysis of the modeling of Pheidias’ statue of Zeus on the Homeric Zeus in these verses"
"urn:cts:greekLit:tlg0012.tlg001:1.528-1.530","urn:cts:ahcip:GregoryNagy.HomerTheClassic:c_4.s_269","reference","analysis of the modeling of Pheidias’ statue of Zeus on the Homeric Zeus in these verses and Zeus’ nod signifying his plan"
"urn:cts:greekLit:tlg0012.tlg001:1.536","urn:cts:ahcip:GregoryNagy.HomerTheClassic:c_3.s_110","reference","comparison of the representation of Minos and Zeus (here, regarding sitting on a thronos), in the context of comparing Plato’s Hippias to Minos"
"urn:cts:greekLit:tlg0012.tlg001:1.536","urn:cts:ahcip:GregoryNagy.HomerTheClassic:c_4.s_137","reference","comparison of the representation of Minos and Zeus (here, regarding sitting on a thronos), in the context of comparing Plato’s Hippias to Minos"
"urn:cts:greekLit:tlg0012.tlg001:1.544","urn:cts:ahcip:GregoryNagy.HomerTheClassic:c_2.s_156","transliterated","Zeus as the ‘father’ of gods and men, in the context of analyzing Okeanos as the ‘genesis’ of all"
"urn:cts:greekLit:tlg0012.tlg001:2.53a1","urn:cts:ahcip:GregoryNagy.HomerTheClassic:c_P.s_63","reference","example of Aristarchus’ re-introduction of a Koine reading that had earlier given way to a khariesteron reading into his base text [MRBTP: scholia]"
"urn:cts:greekLit:tlg0012.tlg001:2.53c","urn:cts:ahcip:GregoryNagy.HomerTheClassic:c_P.s_149.t_24","quoting and translating the scholia","example of where Aristarchus’ preferred variant is not the Koine usage [MRBTP: scholia]"
"urn:cts:greekLit:tlg0012.tlg001:2.115a","urn:cts:ahcip:GregoryNagy.HomerTheClassic:c_4.s_39.t_7","reference to verse, scholia quoted and translated","in a list of scholia exemplifying the relationship of Koine and Attic [MRBTP: scholia]"
"urn:cts:greekLit:tlg0012.tlg001:2.133a","urn:cts:ahcip:GregoryNagy.HomerTheClassic:c_P.s_73","quoting the scholia, reference","Aristarchus’ basing the earlier phases of his hupomnēmata on the ekdosis of Aristophanes and the lēmma here [MRBTP: scholia]"
"urn:cts:greekLit:tlg0012.tlg001:2.133a","urn:cts:ahcip:GregoryNagy.HomerTheClassic:c_P.s_73.n_","quoting the scholia, reference","Aristarchus’ basing the earlier phases of his hupomnēmata on the ekdosis of Aristophanes and the lēmma here [MRBTP: scholia]"
"urn:cts:greekLit:tlg0012.tlg001:2.135","urn:cts:ahcip:GregoryNagy.HomerTheClassic:c_P.s_132","reference","analysis of the coexistence of the Attic and the Koine usage in this verse and the claim that ‘Homer’ was capable of both"
"urn:cts:greekLit:tlg0012.tlg001:2.135","urn:cts:ahcip:GregoryNagy.HomerTheClassic:c_P.s_137","reference","analysis of the coexistence of the Attic and the Koine usage in this verse and the claim that ‘Homer’ was capable of both"
"urn:cts:greekLit:tlg0012.tlg001:2.135a","urn:cts:ahcip:GregoryNagy.HomerTheClassic:c_P.s_133.t_12","verse quoted as lēmma and scholia quoted and translated","analysis of the coexistence of the Attic ad the Koine usage in this verse and the claim that ‘Homer’ was capable of both [MRBTP: scholia]"
"urn:cts:greekLit:tlg0012.tlg001:2.135a","urn:cts:ahcip:GregoryNagy.HomerTheClassic:c_4.s_36.t_4","verse quoted as lēmma and scholia quoted and translated","analysis of the coexistence of the Attic ad the Koine usage in this verse and the claim that ‘Homer’ was capable of both [MRBTP: scholia]"
"urn:cts:greekLit:tlg0012.tlg001:2.135a","urn:cts:ahcip:GregoryNagy.HomerTheClassic:c_P.s_139","scholia quoted and translated","sunēthōs + dat. 1st person pl. as indicating contemporary usage [MRBTP: scholia]"
"urn:cts:greekLit:tlg0012.tlg001:2.135b","urn:cts:ahcip:GregoryNagy.HomerTheClassic:c_P.s_131.t_11","verse quoted as lēmma and scholia quoted and translated","analysis of the concept of ‘Koine usage’ [MRBTP: scholia]"
"urn:cts:greekLit:tlg0012.tlg001:2.135b","urn:cts:ahcip:GregoryNagy.HomerTheClassic:c_P.s_137","reference, quoted and translated","analysis of the coexistence of the Attic ad the Koine usage in this verse and the claim that ‘Homer’ was capable of both [MRBTP: scholia]"
"urn:cts:greekLit:tlg0012.tlg001:2.135b","urn:cts:ahcip:GregoryNagy.HomerTheClassic:c_4.s_37.t_4","verse quoted as lēmma and scholia quoted and translated","analysis of the coexistence of the Attic ad the Koine usage in this verse and the claim that ‘Homer’ was capable of both [MRBTP: scholia]"
"urn:cts:greekLit:tlg0012.tlg001:2.224","urn:cts:ahcip:GregoryNagy.HomerTheClassic:c_3.s_121","reference","passage adduced by Socrates at Protagoras 348c-d"
"urn:cts:greekLit:tlg0012.tlg001:2.299-2.310","urn:cts:ahcip:GregoryNagy.HomerTheClassic:c_1.s_82.t_17","translated","comparison of the rival passages in Aeneid 2 and Iliad II (Aeneid also complementing and validating the latter)"
"urn:cts:greekLit:tlg0012.tlg001:2.299-2.332","urn:cts:ahcip:GregoryNagy.HomerTheClassic:c_1.s_8.t_1","quoted and translated","analysis of Odysseus’ retelling of Calchas’ prophecy at the portent of the bird and the serpent that is petrified (Homeric poetry’s idealizing itself as rigid, terror and pity, and the story of Troy)"
"urn:cts:greekLit:tlg0012.tlg001:2.299-2.332","urn:cts:ahcip:GregoryNagy.HomerTheClassic:c_C.s_19","reference","comparison of the picture on Aeneas’ Shield in the Aeneid to the petrified serpent here (the former prophesies the story of Rome, the latter that of Troy)"
"urn:cts:greekLit:tlg0012.tlg001:2.305-2.324","urn:cts:ahcip:GregoryNagy.HomerTheClassic:c_1.s_11","references","analysis of the poetics of the vision of the serpent (terror and pity)"
"urn:cts:greekLit:tlg0012.tlg001:2.308","urn:cts:ahcip:GregoryNagy.HomerTheClassic:c_1.s_83","reference","details that emerge from comparison of this passage with the rival passage in Aeneid 2"
"urn:cts:greekLit:tlg0012.tlg001:2.308","urn:cts:ahcip:GregoryNagy.HomerTheClassic:c_1.s_84","reference","details that emerge from comparison of this passage with the rival passage in Aeneid 2 and the significance and etymology of drakōn"
"urn:cts:greekLit:tlg0012.tlg001:2.308","urn:cts:ahcip:GregoryNagy.HomerTheClassic:c_1.s_121","reference","etymology of drakōn as in this verse in the context of the analysis of thelgein as involving visual attraction"
"urn:cts:greekLit:tlg0012.tlg001:2.309","urn:cts:ahcip:GregoryNagy.HomerTheClassic:c_1.s_83","reference","details that emerge from comparison of this passage with the rival passage in Aeneid 2"
"urn:cts:greekLit:tlg0012.tlg001:2.318","urn:cts:ahcip:GregoryNagy.HomerTheClassic:c_1.s_19.t_5","quoted and translated","analysis of the necessity of unchangeability when it comes to (the words of) the prophecy, also for the poet, and the concretization of it in the image of the serpent’s petrification"
"urn:cts:greekLit:tlg0012.tlg001:2.318","urn:cts:ahcip:GregoryNagy.HomerTheClassic:c_1.s_26","reference","analysis of the epithet of the serpent, arizēlon / aridēlon"
"urn:cts:greekLit:tlg0012.tlg001:2.318","urn:cts:ahcip:GregoryNagy.HomerTheClassic:c_1.s_27","reference","analysis of the epithet of the serpent, arizēlon / aridēlon and one more variant, aizēlon"
"urn:cts:greekLit:tlg0012.tlg001:2.318","urn:cts:ahcip:GregoryNagy.HomerTheClassic:c_1.s_28","reference","analysis of Aristarchus’ argumentation regarding the variants aizēlon and arizēlon"
"urn:cts:greekLit:tlg0012.tlg001:2.318","urn:cts:ahcip:GregoryNagy.HomerTheClassic:c_1.s_29.t_7","quoted and translated","how the verse would read according to the variant attested by Aristarchus (aizēlon)"
"urn:cts:greekLit:tlg0012.tlg001:2.318","urn:cts:ahcip:GregoryNagy.HomerTheClassic:c_1.s_30","reference","incompatibility of the variant reading aizēlon at 318 with verse 319 as we have it, where the serpent is turned to stone"
"urn:cts:greekLit:tlg0012.tlg001:2.318","urn:cts:ahcip:GregoryNagy.HomerTheClassic:c_1.s_31","references, translations","argument for the standard version making as much sense as the non-standard version of 318-319"
"urn:cts:greekLit:tlg0012.tlg001:2.318","urn:cts:ahcip:GregoryNagy.HomerTheClassic:c_1.s_32","reference","analysis of Aristarchus’ treatment of and opinions about verses 318-319"
"urn:cts:greekLit:tlg0012.tlg001:2.318","urn:cts:ahcip:GregoryNagy.HomerTheClassic:c_1.s_53.t_13","quoted and translated","analysis of the epithet arizēlos, poetic visualization, and works of art and works of nature"
"urn:cts:greekLit:tlg0012.tlg001:2.318","urn:cts:ahcip:GregoryNagy.HomerTheClassic:c_1.s_57","references","analysis of the epithet arizēlos, poetic visualization, and works of art and works of nature"
"urn:cts:greekLit:tlg0012.tlg001:2.318","urn:cts:ahcip:GregoryNagy.HomerTheClassic:c_2.s_170","references","comparison and analysis of the serpent and the image on Achilles’ Shield, and their both being described with arizēlos, which marks an everlasting vision, pictured by Homeric poetry as a perfect and permanent work of art"
"urn:cts:greekLit:tlg0012.tlg001:2.318","urn:cts:ahcip:GregoryNagy.HomerTheClassic:c_2.s_171","references","comparison and analysis of the serpent and the image on Achilles’ Shield, and their both being described with arizēlos, which marks an everlasting vision, pictured by Homeric poetry as a perfect and permanent work of art"
"urn:cts:greekLit:tlg0012.tlg001:2.318","urn:cts:ahcip:GregoryNagy.HomerTheClassic:c_1.s_24","references","the verse’s being connected in meaning to I.02.319 and Zenodotus on them (aridēlon) [MRBTP: scholia]"
"urn:cts:greekLit:tlg0012.tlg001:2.318","urn:cts:ahcip:GregoryNagy.HomerTheClassic:c_1.s_28","reference","analysis of Aristarchus’ argumentation regarding the variants aizēlon and arizēlon [MRBTP: scholia]"
"urn:cts:greekLit:tlg0012.tlg001:2.318-2.319","urn:cts:ahcip:GregoryNagy.HomerTheClassic:c_1.s_30.t_8","quoted and translated","incompatibility of the variant reading aizēlon at 318 with verse 319 as we have it, where the serpent is turned to stone"
"urn:cts:greekLit:tlg0012.tlg001:2.318-2.319","urn:cts:ahcip:GregoryNagy.HomerTheClassic:c_1.s_31","reference","argument for the standard version making as much sense as the non-standard version of 318-319"
"urn:cts:greekLit:tlg0012.tlg001:2.318-2.319","urn:cts:ahcip:GregoryNagy.HomerTheClassic:c_1.s_32.n_","reference","analysis of Aristarchus’ treatment of and opinions about verses 318-319"
"urn:cts:greekLit:tlg0012.tlg001:2.319","urn:cts:ahcip:GregoryNagy.HomerTheClassic:c_1.s_19","reference","analysis of the necessity of unchangeability when it comes to (the words of) the prophecy, also for the poet, and the concretization of it in the image of the serpent’s petrification"
"urn:cts:greekLit:tlg0012.tlg001:2.319","urn:cts:ahcip:GregoryNagy.HomerTheClassic:c_1.s_20.t_6","quoted and translated","analysis of Aristarchus’ athetesis of this verse"
"urn:cts:greekLit:tlg0012.tlg001:2.319","urn:cts:ahcip:GregoryNagy.HomerTheClassic:c_1.s_23","reference","this verse as stemming form Aristarchus’ base text and the Koine tradition"
"urn:cts:greekLit:tlg0012.tlg001:2.319","urn:cts:ahcip:GregoryNagy.HomerTheClassic:c_1.s_24","references","the verse’s being connected in meaning to I.02.318 and Zenodotus on them (aridēlon)"
"urn:cts:greekLit:tlg0012.tlg001:2.319","urn:cts:ahcip:GregoryNagy.HomerTheClassic:c_1.s_30","reference","incompatibility of the variant reading aizēlon at 318 with verse 319 as we have it, where the serpent is turned to stone"
"urn:cts:greekLit:tlg0012.tlg001:2.319","urn:cts:ahcip:GregoryNagy.HomerTheClassic:c_1.s_32","reference","analysis of Aristarchus’ treatment of and opinions about verses 318-319"
"urn:cts:greekLit:tlg0012.tlg001:2.319","urn:cts:ahcip:GregoryNagy.HomerTheClassic:c_1.s_37","reference","analysis of the permanent vision of the petrified serpent and the permanent words that give it meaning"
"urn:cts:greekLit:tlg0012.tlg001:2.319","urn:cts:ahcip:GregoryNagy.HomerTheClassic:c_1.s_83","reference","details that emerge from comparison of this passage with the rival passage in Aeneid 2"
"urn:cts:greekLit:tlg0012.tlg001:2.319","urn:cts:ahcip:GregoryNagy.HomerTheClassic:c_C.s_19","reference","comparison of the petrified serpent with Aeneas’ Shield, as prophecies of the story of Troy and the story of Rome, respectively"
"urn:cts:greekLit:tlg0012.tlg001:2.319a1","urn:cts:ahcip:GregoryNagy.HomerTheClassic:c_1.s_21","quoted and translated","analysis of Aristarchus’ athetesis of this verse [MRBTP: scholia]"
"urn:cts:greekLit:tlg0012.tlg001:2.322","urn:cts:ahcip:GregoryNagy.HomerTheClassic:c_1.s_16.t_3","quoted and translated","analysis of the significance of Calchas’ speaking as a theopropos when interpreting the portent of the serpent (and the unchangeability of the poetic words)"
"urn:cts:greekLit:tlg0012.tlg001:2.323-2.329","urn:cts:ahcip:GregoryNagy.HomerTheClassic:c_1.s_17","references","analysis of the necessity of unchangeability when it comes to (the words of) the prophecy (regarding the serpent), also for the poet, and the concretization of it in the image of the serpent’s petrification"
"urn:cts:greekLit:tlg0012.tlg001:2.323-2.329","urn:cts:ahcip:GregoryNagy.HomerTheClassic:c_1.s_19","references","analysis of the necessity of unchangeability when it comes to (the words of) the prophecy (regarding the serpent), also for the poet, and the concretization of it in the image of the serpent’s petrification"
"urn:cts:greekLit:tlg0012.tlg001:2.324-2.325","urn:cts:ahcip:GregoryNagy.HomerTheClassic:c_1.s_62.t_16","quoted and translated","analysis of the notion of an unchangeable ‘outcome’ conveyed in Odysseus’ narration of the portent of the serpent and Calchas’ prophecy (telein/telos)"
"urn:cts:greekLit:tlg0012.tlg001:2.325","urn:cts:ahcip:GregoryNagy.HomerTheClassic:c_1.s_12","reference","analysis of the petrified serpent as equated with the story of Troy and telein here conveying the outcome of the narration"
"urn:cts:greekLit:tlg0012.tlg001:2.326-2.329","urn:cts:ahcip:GregoryNagy.HomerTheClassic:c_1.s_12","reference","analysis of Calchas’ response to the vision of the serpent"
"urn:cts:greekLit:tlg0012.tlg001:2.330","urn:cts:ahcip:GregoryNagy.HomerTheClassic:c_1.s_12","reference","analysis of the petrified serpent as equated with the story of Troy and telein here conveying the outcome of the narration"
"urn:cts:greekLit:tlg0012.tlg001:2.330","urn:cts:ahcip:GregoryNagy.HomerTheClassic:c_1.s_18.t_4","quoted and translated","analysis of the necessity of unchangeability when it comes to (the words of) the prophecy, also for the poet, and the concretization of it in the image of the serpent’s petrification"
"urn:cts:greekLit:tlg0012.tlg001:2.330","urn:cts:ahcip:GregoryNagy.HomerTheClassic:c_1.s_61.t_15","quoted and translated","analysis of the notion of an unchangeable ‘outcome’ conveyed in Odysseus’ narration of the portent of the serpent and Calchas’ prophecy (telein/telos)"
"urn:cts:greekLit:tlg0012.tlg001:2.330","urn:cts:ahcip:GregoryNagy.HomerTheClassic:c_1.s_63","reference","analysis of the sense of teleitai in this verse as referring to the story of Troy as it is being told, in progress"
"urn:cts:greekLit:tlg0012.tlg001:2.397a","urn:cts:ahcip:GregoryNagy.HomerTheClassic:c_P.s_144","reference","analysis of Aristarchus’ tendency to favor the ‘Koine’ over the ‘Attic’ usage [MRBTP: scholia]"
"urn:cts:greekLit:tlg0012.tlg001:2.397b","urn:cts:ahcip:GregoryNagy.HomerTheClassic:c_P.s_144","reference","analysis of Aristarchus’ tendency to favor the ‘Koine’ over the ‘Attic’ usage [MRBTP: scholia]"
"urn:cts:greekLit:tlg0012.tlg001:2.532b1","urn:cts:ahcip:GregoryNagy.HomerTheClassic:c_4.s_39.t_8","reference to verse, scholia quoted and translated","in a list of scholia exemplifying the relationship of Koine and Attic [MRBTP: scholia]"
"urn:cts:greekLit:tlg0012.tlg001:2.532b2","urn:cts:ahcip:GregoryNagy.HomerTheClassic:c_4.s_39.t_9","reference to verse, scholia quoted and translated","in a list of scholia exemplifying the relationship of Koine and Attic [MRBTP: scholia]"
"urn:cts:greekLit:tlg0012.tlg001:2.547-2.548","urn:cts:ahcip:GregoryNagy.HomerTheClassic:c_1.s_138","reference","analysis of Erekhtheus, development into two figures, his cult, and relationship with Athena"
"urn:cts:greekLit:tlg0012.tlg001:2.594-2.600","urn:cts:ahcip:GregoryNagy.HomerTheClassic:c_3.s_41.n_","reference","analysis of the aetiology of the proto-kitharistēs Thamyris"
"urn:cts:greekLit:tlg0012.tlg001:2.662","urn:cts:ahcip:GregoryNagy.HomerTheClassic:c_P.s_126","references","analysis of the pronunciation of katekta and the distinction between Aristarchus’ and Herodian’s scholarship on the verse"
"urn:cts:greekLit:tlg0012.tlg001:2.662a1","urn:cts:ahcip:GregoryNagy.HomerTheClassic:c_P.s_125.t_7","part of verse quoted as lēmma, scholia quoted and translated","analysis of the traditional patterns of pronunciation in Homeric performance and hē Koine anagnōsis as referring to the way Aristarchus read Homeric poetry out loud [MRBTP: scholia]"
"urn:cts:greekLit:tlg0012.tlg001:2.662a1","urn:cts:ahcip:GregoryNagy.HomerTheClassic:c_P.s_157","quoting part of the scholia","hē Koine anagnōsis as a matter of reading out loud the Homeric base text to Aristarchus for verification (for diorthōsis) [MRBTP: scholia]"
"urn:cts:greekLit:tlg0012.tlg001:2.807","urn:cts:ahcip:GregoryNagy.HomerTheClassic:c_P.s_140.t_16","scholia quoted and translated","an example where ‘Homeric’ usage is clearly distinct from what is sunēthēs ‘customary’ for Aristarchus and his contemporaries [MRBTP: scholia]"
"urn:cts:greekLit:tlg0012.tlg001:3.18","urn:cts:ahcip:GregoryNagy.HomerTheClassic:c_P.s_153","reference","analysis of Aristarchus’ treatment of the verse regarding the absence or presence of the article"
"urn:cts:greekLit:tlg0012.tlg001:3.18a","urn:cts:ahcip:GregoryNagy.HomerTheClassic:c_P.s_152.t_27","scholia quoted and translated","comparison of Didymus’ and Aristonicus’ comments on the verse, in the context of the analysis of the reinterpretation of Aristarchus’ descriptions as prescriptions by later Aristarcheans [MRBTP: scholia]"
"urn:cts:greekLit:tlg0012.tlg001:3.18b1","urn:cts:ahcip:GregoryNagy.HomerTheClassic:c_P.s_151.t_25","part of verse quoted as lēmma, scholia quoted and translated","example of the reinterpretation of Aristarchus’ descriptions as prescriptions by later Aristarcheans [MRBTP: scholia]"
"urn:cts:greekLit:tlg0012.tlg001:3.18b2","urn:cts:ahcip:GregoryNagy.HomerTheClassic:c_P.s_151.t_26","scholia quoted and translated","example of the reinterpretation of Aristarchus’ descriptions as prescriptions by later Aristarcheans [MRBTP: scholia]"
"urn:cts:greekLit:tlg0012.tlg001:3.35","urn:cts:ahcip:GregoryNagy.HomerTheClassic:c_4.s_39.t_9","reference to verse, scholia quoted and translated","in a list of scholia exemplifying the relationship of Koine and Attic"
"urn:cts:greekLit:tlg0012.tlg001:3.99a","urn:cts:ahcip:GregoryNagy.HomerTheClassic:c_P.s_140.t_18","part of verse quoted as lēmma, scholia quoted and translated","an example where ‘Homeric’ usage is clearly distinct from what is sunēthēs ‘customary’ for Aristarchus and his contemporaries [MRBTP: scholia]"
"urn:cts:greekLit:tlg0012.tlg001:3.176","urn:cts:ahcip:GregoryNagy.HomerTheClassic:c_2.s_256.n_","reference","in a list of examples of tēkesthai in the context of sadness"
"urn:cts:greekLit:tlg0012.tlg001:3.206a","urn:cts:ahcip:GregoryNagy.HomerTheClassic:c_P.s_140.t_17","part of verse quoted as lēmma, scholia quoted and translated","an example where ‘Homeric’ usage is clearly distinct from what is sunēthēs ‘customary’ for Aristarchus and his contemporaries [MRBTP: scholia]"
"urn:cts:greekLit:tlg0012.tlg001:3.338a","urn:cts:ahcip:GregoryNagy.HomerTheClassic:c_P.s_48.n_","reference to verse and scholia","in the list of West’s (2001:40n33) list of plus-verses, in the context of analyzing plus-verses in Zenodotus’ (vs. Aristarchus’) text of Homer and Zenodotus’ deletion as well as athetesis of them [MRBTP: scholia]"
"urn:cts:greekLit:tlg0012.tlg001:3.362","urn:cts:ahcip:GregoryNagy.HomerTheClassic:c_4.s_100.t_20.n_","reference","explaining phalos as the ‘horn’ of a helmet"
"urn:cts:greekLit:tlg0012.tlg001:3.439","urn:cts:ahcip:GregoryNagy.HomerTheClassic:c_4.s_109","paraphrased","analysis of Zeus’ role in awarding nikē as primary and Athena’s as secondary"
"urn:cts:greekLit:tlg0012.tlg001:4.389","urn:cts:ahcip:GregoryNagy.HomerTheClassic:c_4.s_109","paraphrased","analysis of Zeus’ role in awarding nikē as primary and Athena’s as secondary"
"urn:cts:greekLit:tlg0012.tlg001:5.59-5.60","urn:cts:ahcip:GregoryNagy.HomerTheClassic:c_2.s_282.n_","reference","comment metaphors of poetry as woodwork"
"urn:cts:greekLit:tlg0012.tlg001:5.63","urn:cts:ahcip:GregoryNagy.HomerTheClassic:c_2.s_282.n_","reference","comment metaphors of poetry as woodwork"
"urn:cts:greekLit:tlg0012.tlg001:5.63","urn:cts:ahcip:GregoryNagy.HomerTheClassic:c_2.s_283.n_","reference","enjambment of the epithet oulomenē describing mēnis here as analogous to the enjambment of the epithet dourateos of hippos in O.08.492-493 and compared wit the enjambment of the epithet describing the ships made for the abduction of Helen"
"urn:cts:greekLit:tlg0012.tlg001:5.733-5.747","urn:cts:ahcip:GregoryNagy.HomerTheClassic:c_4.s_100.t_20","quoted and translated","analysis of Pheidias' Athena Parthenos as having Homeric inspiration"
"urn:cts:greekLit:tlg0012.tlg001:5.733-5.747","urn:cts:ahcip:GregoryNagy.HomerTheClassic:c_4.s_184.t_37","quoted and translated","analysis of Athena’s peplos"
"urn:cts:greekLit:tlg0012.tlg001:5.734-5.735","urn:cts:ahcip:GregoryNagy.HomerTheClassic:c_4.s_184.t_37.n_","reference","note that these verses were athetized by Zenodotus"
"urn:cts:greekLit:tlg0012.tlg001:5.734-5.735","urn:cts:ahcip:GregoryNagy.HomerTheClassic:c_4.s_233","reference","analysis of the ritual reweaving of Athena’s Peplos and the achievement of a notional permanence"
"urn:cts:greekLit:tlg0012.tlg001:5.735","urn:cts:ahcip:GregoryNagy.HomerTheClassic:c_4.s_186","references","comment on poikilos, epithet of Athena’s peplos, as ‘pattern-woven’"
"urn:cts:greekLit:tlg0012.tlg001:5.735","urn:cts:ahcip:GregoryNagy.HomerTheClassic:c_4.s_195","references","comment on poikilos, epithet of Athena’s peplos, as ‘pattern-woven’"
"urn:cts:greekLit:tlg0012.tlg001:5.736","urn:cts:ahcip:GregoryNagy.HomerTheClassic:c_4.s_233","reference","analysis of the ritual reweaving of Athena’s Peplos and the achievement of a notional permanence"
"urn:cts:greekLit:tlg0012.tlg001:5.737","urn:cts:ahcip:GregoryNagy.HomerTheClassic:c_4.s_233","reference","analysis of the ritual reweaving of Athena’s Peplos and the achievement of a notional permanence"
"urn:cts:greekLit:tlg0012.tlg001:5.738","urn:cts:ahcip:GregoryNagy.HomerTheClassic:c_4.s_101","reference","analysis of the coextensiveness of the khiton and aegis worn by Athena when she goes to war and metonymically shared by Zeus with her"
"urn:cts:greekLit:tlg0012.tlg001:5.741","urn:cts:ahcip:GregoryNagy.HomerTheClassic:c_4.s_101","reference","analysis of the coextensiveness of the khiton and aegis worn by Athena when she goes to war and metonymically shared by Zeus with her"
"urn:cts:greekLit:tlg0012.tlg001:5.743","urn:cts:ahcip:GregoryNagy.HomerTheClassic:c_4.s_100.t_20.n_","references","analysis of Athena’s helmet (amphiphalon, tetraphalēron, reflection in Pheidias’ sculpture)"
"urn:cts:greekLit:tlg0012.tlg001:5.744","urn:cts:ahcip:GregoryNagy.HomerTheClassic:c_4.s_100.t_20.n_","reference","parallelism of Athena and Ares"
"urn:cts:greekLit:tlg0012.tlg001:5.808","urn:cts:ahcip:GregoryNagy.HomerTheClassic:c_P.s_48.n_","reference to verse and scholia","in the list of West’s (2001:40n33) list of plus-verses, in the context of analyzing plus-verses in Zenodotus’ (vs. Aristarchus’) text of Homer and Zenodotus’ deletion as well as athetesis of them [MRBTP: scholia]"
"urn:cts:greekLit:tlg0012.tlg001:6.289","urn:cts:ahcip:GregoryNagy.HomerTheClassic:c_4.s_195","reference","comment on pan-poikilos, epithet of peploi woven by Phoenician women the most beautiful of which is presented to Athena as an offering, as ‘pattern-woven’"
"urn:cts:greekLit:tlg0012.tlg001:6.289","urn:cts:ahcip:GregoryNagy.HomerTheClassic:c_4.s_195.n_","reference","comment on the variant readings for the verse (pan-poikila describing erga or pan-poikiloi describing peploi)"
"urn:cts:greekLit:tlg0012.tlg001:6.293-6.295","urn:cts:ahcip:GregoryNagy.HomerTheClassic:c_4.s_195","reference","comment on pan-poikilos, epithet of peploi woven by Phoenician women the most beautiful of which is presented to Athena as an offering, as ‘pattern-woven’"
"urn:cts:greekLit:tlg0012.tlg001:6.355","urn:cts:ahcip:GregoryNagy.HomerTheClassic:c_P.s_127","references","analysis of EPEISE read as epei sé (non-enclitic) as opposed to epei se (enclitic), according to Herodian"
"urn:cts:greekLit:tlg0012.tlg001:6.355","urn:cts:ahcip:GregoryNagy.HomerTheClassic:c_P.s_147","reference","analysis of the ‘Homeric’ usage’s being equated with the ‘Koine’ usage as opposed to the current usage in Aristarchus and Herodian"
"urn:cts:greekLit:tlg0012.tlg001:6.355a1","urn:cts:ahcip:GregoryNagy.HomerTheClassic:c_P.s_127.t_8","scholia quoted and translated","analysis of EPEISE read as epei sé (non-enclitic) as opposed to epei se (enclitic), according to Herodian [MRBTP: scholia]"
"urn:cts:greekLit:tlg0012.tlg001:6.355a1","urn:cts:ahcip:GregoryNagy.HomerTheClassic:c_P.s_128.t_9","scholia quoted and translated","example of epei me (enclitic) in the context of the analysis of EPEISE read as epei sé (non-enclitic) as opposed to epei se (enclitic), according to Herodian [MRBTP: scholia]"
"urn:cts:greekLit:tlg0012.tlg001:6.355a1","urn:cts:ahcip:GregoryNagy.HomerTheClassic:c_P.s_146.t_22","scholia quoted and translated","analysis of the methodology of Aristarchus and Herodian to compare Homer’s customary usage against contemporary usage [MRBTP: scholia]"
"urn:cts:greekLit:tlg0012.tlg001:6.355a2","urn:cts:ahcip:GregoryNagy.HomerTheClassic:c_P.s_130.t_10","part of verse quoted as lēmma, scholia quoted and translated","analysis of EPEISE read as epei sé (non-enclitic) as opposed to epei se (enclitic), the Koine reading, according to Herodian [MRBTP: scholia]"
"urn:cts:greekLit:tlg0012.tlg001:6.355a2","urn:cts:ahcip:GregoryNagy.HomerTheClassic:c_P.s_147.t_23","part of verse quoted as lēmma, scholia quoted and translated","analysis of the ‘Homeric’ usage’s being equated with the ‘Koine’ usage as opposed to the current usage in Aristarchus and Herodian [MRBTP: scholia]"
"urn:cts:greekLit:tlg0012.tlg001:6.407-6.439","urn:cts:ahcip:GregoryNagy.HomerTheClassic:c_4.s_262","reference","analysis of the association of Andromache with the emotion of pity and the art of lamentation"
"urn:cts:greekLit:tlg0012.tlg001:6.411-6.413","urn:cts:ahcip:GregoryNagy.HomerTheClassic:c_4.s_264.n_","reference","comment on the mixed feelings of sadness and erotic pleasure in Andromache’s laments"
"urn:cts:greekLit:tlg0012.tlg001:6.429-6.430","urn:cts:ahcip:GregoryNagy.HomerTheClassic:c_1.s_208.t_43","quoted and translated as a part of Plutarch Brutus 23.5-s_6","analysis of the poetics of retrospection in Andromache’s parting with Hector and her weaving"
"urn:cts:greekLit:tlg0012.tlg001:6.448-6.464","urn:cts:ahcip:GregoryNagy.HomerTheClassic:c_2.s_336.t_96","quoted and translated","in the context of comparing and analyzing the narration of the moment of the killing of Astyanax and Andromache’s capture in the plot summary of the Iliou Persis and O.08, where it is screened by a simile"
"urn:cts:greekLit:tlg0012.tlg001:6.484","urn:cts:ahcip:GregoryNagy.HomerTheClassic:c_1.s_209.t_44.n_","reference","comment on the image here as related to I.06.496"
"urn:cts:greekLit:tlg0012.tlg001:6.490-6.491","urn:cts:ahcip:GregoryNagy.HomerTheClassic:c_1.s_208.t_43","quoted and translated as a part of Plutarch Brutus 23.5-s_6","analysis of the poetics of retrospection in Andromache’s parting with Hector and her weaving"
"urn:cts:greekLit:tlg0012.tlg001:6.496","urn:cts:ahcip:GregoryNagy.HomerTheClassic:c_1.s_209.t_44","quoted and translated","analysis of the poetics of retrospection in Andromache’s parting with Hector and her weaving"
"urn:cts:greekLit:tlg0012.tlg001:6.510-6.511","urn:cts:ahcip:GregoryNagy.HomerTheClassic:c_P.s_162.t_34","scholia quoted and translated","analysis of rhimpha he and scholia on it [MRBTP: scholia]"
"urn:cts:greekLit:tlg0012.tlg001:6.510-6.511a1","urn:cts:ahcip:GregoryNagy.HomerTheClassic:c_P.s_162.t_33","part of verse quoted as lēmma, scholia quoted and translated","analysis of rhimpha he and scholia on it [MRBTP: scholia]"
"urn:cts:greekLit:tlg0012.tlg001:6.510-6.511a1","urn:cts:ahcip:GregoryNagy.HomerTheClassic:c_P.s_164.n_","quoting and translating part of the scholia","suggested restoration of the scholia here [MRBTP: scholia]"
"urn:cts:greekLit:tlg0012.tlg001:6.511","urn:cts:ahcip:GregoryNagy.HomerTheClassic:c_P.s_162","references","analysis of rhimpha he and scholia on it"
"urn:cts:greekLit:tlg0012.tlg001:6.511","urn:cts:ahcip:GregoryNagy.HomerTheClassic:c_P.s_164","references","analysis of rhimpha he and scholia on it"
"urn:cts:greekLit:tlg0012.tlg001:6.511","urn:cts:ahcip:GregoryNagy.HomerTheClassic:c_P.s_162.n_","reference","contra West on how Posidonius understood rhimphea/ae [MRBTP: scholia]"
"urn:cts:greekLit:tlg0012.tlg001:6.511a","urn:cts:ahcip:GregoryNagy.HomerTheClassic:c_P.s_158","quoting part of the scholia","comment on the use of the word anagnōstēs in the scholia, here specifically regarding Posidonius [MRBTP: scholia]"
"urn:cts:greekLit:tlg0012.tlg001:6.511a","urn:cts:ahcip:GregoryNagy.HomerTheClassic:c_P.s_162.t_31","part of verse quoted as lēmma, scholia quoted and translated","analysis of rhimpha he and scholia on it [MRBTP: scholia]"
"urn:cts:greekLit:tlg0012.tlg001:6.511a","urn:cts:ahcip:GregoryNagy.HomerTheClassic:c_P.s_162.n_","reference","contra West on how Posidonius understood rhimphea/ae [MRBTP: scholia]"
"urn:cts:greekLit:tlg0012.tlg001:6.511a","urn:cts:ahcip:GregoryNagy.HomerTheClassic:c_P.s_164.n_","scholia quoted and translated","analysis of rhimpha he and scholia on it [MRBTP: scholia]"
"urn:cts:greekLit:tlg0012.tlg001:6.511b","urn:cts:ahcip:GregoryNagy.HomerTheClassic:c_P.s_162.t_32","part of verse quoted as lēmma, scholia quoted and translated","analysis of rhimpha he and scholia on it [MRBTP: scholia]"
"urn:cts:greekLit:tlg0012.tlg001:7.21","urn:cts:ahcip:GregoryNagy.HomerTheClassic:c_4.s_109","paraphrased","analysis of Zeus’ role in awarding nikē as primary and Athena’s as secondary"
"urn:cts:greekLit:tlg0012.tlg001:7.26-7.27","urn:cts:ahcip:GregoryNagy.HomerTheClassic:c_4.s_109","paraphrased","analysis of Zeus’ role in awarding nikē as primary and Athena’s as secondary"
"urn:cts:greekLit:tlg0012.tlg001:7.203","urn:cts:ahcip:GregoryNagy.HomerTheClassic:c_4.s_109","paraphrased","analysis of Zeus’ role in awarding nikē as primary and Athena’s as secondary"
"urn:cts:greekLit:tlg0012.tlg001:8.52a-8.52d","urn:cts:ahcip:GregoryNagy.HomerTheClassic:c_P.s_48.n_","reference to verse and scholia","in the list of West’s (2001:40n33) list of plus-verses, in the context of analyzing plus-verses in Zenodotus’ (vs. Aristarchus’) text of Homer and Zenodotus’ deletion as well as athetesis of them"
"urn:cts:greekLit:tlg0012.tlg001:8.107","urn:cts:ahcip:GregoryNagy.HomerTheClassic:c_3.s_165","reference","example of ‘standard’ usage in Homeric quotations of Plato"
"urn:cts:greekLit:tlg0012.tlg001:8.171","urn:cts:ahcip:GregoryNagy.HomerTheClassic:c_4.s_109","paraphrased","analysis of Zeus’ role in awarding nikē as primary and Athena’s as secondary"
"urn:cts:greekLit:tlg0012.tlg001:8.352","urn:cts:ahcip:GregoryNagy.HomerTheClassic:c_4.s_40","reference","explanation of the scholia on the verse and the variant readings"
"urn:cts:greekLit:tlg0012.tlg001:8.352","urn:cts:ahcip:GregoryNagy.HomerTheClassic:c_4.s_39.t_11","reference to verse, scholia quoted and translated","in a list of scholia exemplifying the relationship of Koine and Attic [MRBTP: scholia]"
"urn:cts:greekLit:tlg0012.tlg001:8.352","urn:cts:ahcip:GregoryNagy.HomerTheClassic:c_4.s_41.t_12","part of verse quoted as lēmma, scholia quoted and translated","example of the distinctness of ‘Attic’ from ‘Koine’ being forgotten in later phases of the commentary tradition [MRBTP: scholia]"
"urn:cts:greekLit:tlg0012.tlg001:9.169-9.171","urn:cts:ahcip:GregoryNagy.HomerTheClassic:c_3.s_184.t_44","Plato’s text of the verses quoted and translated as part of Hippias Minor 370c-d","analysis of Socrates’ claims that Achilles, like Odysseus, is capable of falsehoods"
"urn:cts:greekLit:tlg0012.tlg001:9.308-9.314","urn:cts:ahcip:GregoryNagy.HomerTheClassic:c_3.s_172.t_35","Plato’s text of the verses quoted and translated as part of Hippias Minor 364e","comparison of Plato’s text of the verses with what has come down to us through the medieval manuscript tradition in the context of analyzing Socrates’ and Hippias’ debate over Homer’s representation of Achilles"
"urn:cts:greekLit:tlg0012.tlg001:9.308-9.314","urn:cts:ahcip:GregoryNagy.HomerTheClassic:c_3.s_173.t_36","quoted and translated","comparison of Plato’s text of the verses with what has come down to us through the medieval manuscript tradition in the context of analyzing Socrates’ and Hippias’ debate over Homer’s representation of Achilles"
"urn:cts:greekLit:tlg0012.tlg001:9.310-9.312","urn:cts:ahcip:GregoryNagy.HomerTheClassic:c_3.s_173.t_36.n_","references","comparison of Plato’s version of the verses and those in the medieval manuscript tradition"
"urn:cts:greekLit:tlg0012.tlg001:9.312-9.313","urn:cts:ahcip:GregoryNagy.HomerTheClassic:c_3.s_182.t_42","Plato’s text of the verses quoted and translated as part of Hippias Minor 369d-s_370a","analysis of Socrates’ argument that Achilles, like Odysseus, is capable of falsehoods (here, with regards to legein in the sense of ‘speaking’ the words of homer and ‘speaking’ the words of the argument supposedly represented by Homer)"
"urn:cts:greekLit:tlg0012.tlg001:9.357-9.363","urn:cts:ahcip:GregoryNagy.HomerTheClassic:c_3.s_183.t_43","Plato’s text of the verses quoted and translated as part of Hippias Minor 370b-s_c","analysis of Socrates’ argument that Achilles hides one thing in his thinking and says another"
"urn:cts:greekLit:tlg0012.tlg001:9.540","urn:cts:ahcip:GregoryNagy.HomerTheClassic:c_3.s_193","references","Aristarchus’ access to a copy of Plato’s Homer and variants attested for this verse"
"urn:cts:greekLit:tlg0012.tlg001:9.540a1","urn:cts:ahcip:GregoryNagy.HomerTheClassic:c_3.s_193","references","Aristarchus’ access to a copy of Plato’s Homer and variants attested for this verse [MRBTP: scholia]"
"urn:cts:greekLit:tlg0012.tlg001:9.650-9.655","urn:cts:ahcip:GregoryNagy.HomerTheClassic:c_3.s_185.t_45","Plato’s text of the verses quoted and translated as part of Hippias Minor 371b-s_c","analysis of Socrates’ claims that Achilles, like Odysseus, is capable of falsehoods"
"urn:cts:greekLit:tlg0012.tlg001:9.653","urn:cts:ahcip:GregoryNagy.HomerTheClassic:c_3.s_186.t_46","quoted and translated","comparison of the verses with Plato’s text in the context of the analysis of Socrates’ claims that Achilles, like Odysseus, is capable of falsehoods"
"urn:cts:greekLit:tlg0012.tlg001:9.653","urn:cts:ahcip:GregoryNagy.HomerTheClassic:c_3.s_186.t_46.n_","reference","variants for the verse"
"urn:cts:greekLit:tlg0012.tlg001:9.653a","urn:cts:ahcip:GregoryNagy.HomerTheClassic:c_3.s_186.t_46.n_","references","variants for the verse [MRBTP: scholia]"
"urn:cts:greekLit:tlg0012.tlg001:10.349","urn:cts:ahcip:GregoryNagy.HomerTheClassic:c_P.s_48.n_","reference to verse and scholia","in the list of West’s (2001:40n33) list of plus-verses, in the context of analyzing plus-verses in Zenodotus’ (vs. Aristarchus’) text of Homer and Zenodotus’ deletion as well as athetesis of them [MRBTP: scholia]"
"urn:cts:greekLit:tlg0012.tlg001:10.461c","urn:cts:ahcip:GregoryNagy.HomerTheClassic:c_P.s_139.t_15","part of the verse quoted as lēmma, scholia quoted and translated","sunēthōs + dat. 1st person pl. as indicating contemporary usage [MRBTP: scholia]"
"urn:cts:greekLit:tlg0012.tlg001:11.41","urn:cts:ahcip:GregoryNagy.HomerTheClassic:c_4.s_100.t_20.n_","references","analysis of Athena’s helmet at I.05.743 as not unique, compared to Agamemnon’s helmet in this verse and tetraphalēros and tetraphalos as formulaic variants"
"urn:cts:greekLit:tlg0012.tlg001:12.22a","urn:cts:ahcip:GregoryNagy.HomerTheClassic:c_4.s_45","reference","the scholiastic tradition stemming from Aristarchus as implying that Hesiod had a chance to read Homer’s poems [MRBTP: scholia]"
"urn:cts:greekLit:tlg0012.tlg001:12.228","urn:cts:ahcip:GregoryNagy.HomerTheClassic:c_1.s_14.t_2","quoted and translated","analysis of hupokrinesthai and the coextensiveness of epic with oracular poetry"
"urn:cts:greekLit:tlg0012.tlg001:12.384","urn:cts:ahcip:GregoryNagy.HomerTheClassic:c_4.s_100.t_20.n_","reference","analysis of Athena’s helmet at I.05.743 and tetraphalēros and tetraphalos as formulaic variants"
"urn:cts:greekLit:tlg0012.tlg001:12.404a","urn:cts:ahcip:GregoryNagy.HomerTheClassic:c_P.s_65","reference","example of the blurring of the distinction between lēmmata derived from the base text (as by Aristarchus) and those from the commentaries of Aristarchus (as by Didymus) [MRBTP: scholia]"
"urn:cts:greekLit:tlg0012.tlg001:13.23-13.31","urn:cts:ahcip:GregoryNagy.HomerTheClassic:c_1.s_148.t_24","quoted and translated","comparison of Poseidon’s grand entrance driving his horse-drawn chariot here with how Athena’s ceremonial arrival in the Iliou Persis was likely to have been represented, in the context of discussing divine chariot teams and Virgil’s version of Athena and her chariot-team"
"urn:cts:greekLit:tlg0012.tlg001:13.28b","urn:cts:ahcip:GregoryNagy.HomerTheClassic:c_P.s_144","reference","analysis of Aristarchus’ tendency to favor the ‘Koine’ over the ‘Attic’ usage [MRBTP: scholia]"
"urn:cts:greekLit:tlg0012.tlg001:13.197","urn:cts:ahcip:GregoryNagy.HomerTheClassic:c_4.s_45","references","Aristarchus’ theory of Homer’s origins as an Athenian who lived during the Ionian Migration [MRBTP: scholia]"
"urn:cts:greekLit:tlg0012.tlg001:13.197","urn:cts:ahcip:GregoryNagy.HomerTheClassic:c_4.s_45.n_","references","Aristarchus’ theory of Homer’s origins as an Athenian who lived during the Ionian Migration [MRBTP: scholia]"
"urn:cts:greekLit:tlg0012.tlg001:13.343","urn:cts:ahcip:GregoryNagy.HomerTheClassic:c_1.s_121","reference","eyes as direct object of thelgein, in the context of analyzing thelgein and the Wooden Horse"
"urn:cts:greekLit:tlg0012.tlg001:13.347","urn:cts:ahcip:GregoryNagy.HomerTheClassic:c_4.s_109","paraphrased","analysis of Zeus’ role in awarding nikē as primary and Athena’s as secondary"
"urn:cts:greekLit:tlg0012.tlg001:13.435","urn:cts:ahcip:GregoryNagy.HomerTheClassic:c_1.s_121","reference","eyes as direct object of thelgein, in the context of analyzing thelgein and the Wooden Horse"
"urn:cts:greekLit:tlg0012.tlg001:13.808a","urn:cts:ahcip:GregoryNagy.HomerTheClassic:c_P.s_48.n_","reference to verse and scholia","in the list of West’s (2001:40n33) list of plus-verses, in the context of analyzing plus-verses in Zenodotus’ (vs. Aristarchus’) text of Homer and Zenodotus’ deletion as well as athetesis of them"
"urn:cts:greekLit:tlg0012.tlg001:14.97","urn:cts:ahcip:GregoryNagy.HomerTheClassic:c_3.s_165","reference","example of ‘standard’ usage in Homeric quotations of Plato"
"urn:cts:greekLit:tlg0012.tlg001:14.136a","urn:cts:ahcip:GregoryNagy.HomerTheClassic:c_P.s_48.n_","reference to verse and scholia","in the list of West’s (2001:40n33) list of plus-verses, in the context of analyzing plus-verses in Zenodotus’ (vs. Aristarchus’) text of Homer and Zenodotus’ deletion as well as athetesis of them [MRBTP: scholia]"
"urn:cts:greekLit:tlg0012.tlg001:14.200-14.207","urn:cts:ahcip:GregoryNagy.HomerTheClassic:c_2.s_145.n_","reference","Janko’s 1992:180 comments on the verses and GN’s comments on them"
"urn:cts:greekLit:tlg0012.tlg001:14.201","urn:cts:ahcip:GregoryNagy.HomerTheClassic:c_2.s_132.t_57","quoted and translated as part of Plato Cratylus 402a-d","analysis of the generative and fluid power of Okeanos and cosmogony and initiation into mysteries"
"urn:cts:greekLit:tlg0012.tlg001:14.201","urn:cts:ahcip:GregoryNagy.HomerTheClassic:c_2.s_132.t_57.n_","reference","analysis of the generative and fluid power of Okeanos and cosmogony and initiation into mysteries"
"urn:cts:greekLit:tlg0012.tlg001:14.201","urn:cts:ahcip:GregoryNagy.HomerTheClassic:c_2.s_140.t_59","quoted and translated as part of Plato Theaetetus 152e","analysis of Plato’s treatment of Homer and Orpheus (convergences), initiation into mysteries, fluidity and motion in this passage"
"urn:cts:greekLit:tlg0012.tlg001:14.201","urn:cts:ahcip:GregoryNagy.HomerTheClassic:c_2.s_144.n_","reference","Janko’s analysis of the origin of the references to Okeanos and Tethys in this verse"
"urn:cts:greekLit:tlg0012.tlg001:14.201","urn:cts:ahcip:GregoryNagy.HomerTheClassic:c_2.s_146.t_64","quoted and translated","analysis of the confluence of Orphic and Homeric traditions (in the context of analyzing Plato Cratylus)"
"urn:cts:greekLit:tlg0012.tlg001:14.245-14.246","urn:cts:ahcip:GregoryNagy.HomerTheClassic:c_2.s_150","reference","analysis of the theme of Okeanos in Crates’ edition of Homer, its difference from Aristarchus’ edition, and how the passage appears in modern editions"
"urn:cts:greekLit:tlg0012.tlg001:14.246","urn:cts:ahcip:GregoryNagy.HomerTheClassic:c_2.s_144.t_62","quoted and translated","analysis of the confluence of Orphic and Homeric traditions and the mysticism implicit in this verse (in the context of analyzing Plato Cratylus)"
"urn:cts:greekLit:tlg0012.tlg001:14.246","urn:cts:ahcip:GregoryNagy.HomerTheClassic:c_2.s_144.n_","reference","Janko’s analysis of the origin of the references to Okeanos and Tethys in this verse"
"urn:cts:greekLit:tlg0012.tlg001:14.246","urn:cts:ahcip:GregoryNagy.HomerTheClassic:c_2.s_149.t_65","quoted and translated as part of Plutarch On the face in the moon 938d","analysis of the theme of Okeanos in Crates’ edition of Homer (similarity to Orphic tradition) and difference from Aristarchus’ edition"
"urn:cts:greekLit:tlg0012.tlg001:14.246","urn:cts:ahcip:GregoryNagy.HomerTheClassic:c_2.s_153","reference","analysis of the dispute between Crates and Aristarchus over definitions of the Okeanos and verses 246-246a"
"urn:cts:greekLit:tlg0012.tlg001:14.246","urn:cts:ahcip:GregoryNagy.HomerTheClassic:c_2.s_156.n_","quoting and translating part of the verse","analysis of genesis pantessi tetuktai"
"urn:cts:greekLit:tlg0012.tlg001:14.246","urn:cts:ahcip:GregoryNagy.HomerTheClassic:c_2.s_178","reference","the Homerus Auctus as not an editorial conflation of incompatible texts but as a preedited corpus of undifferentiated oral traditions that later became differentiated into distinct textual traditions"
"urn:cts:greekLit:tlg0012.tlg001:14.246-14.246a","urn:cts:ahcip:GregoryNagy.HomerTheClassic:c_2.s_153","reference","analysis of the dispute between Crates and Aristarchus over definitions of the Okeanos and verses 246-246a"
"urn:cts:greekLit:tlg0012.tlg001:14.246-14.246a","urn:cts:ahcip:GregoryNagy.HomerTheClassic:c_2.s_156","references","analysis of the significance of the verses in the context of the Homeric narrative"
"urn:cts:greekLit:tlg0012.tlg001:14.246-14.246a","urn:cts:ahcip:GregoryNagy.HomerTheClassic:c_2.s_160","references","246a as a plus verse showing the expansiveness of the tradition represented by the Orphic elements of the Homerus Auctus and the picture of Okeanos that emerges from the two verses"
"urn:cts:greekLit:tlg0012.tlg001:14.246-14.246a","urn:cts:ahcip:GregoryNagy.HomerTheClassic:c_2.s_183","reference","the traditional orientation of these verses as Orphic"
"urn:cts:greekLit:tlg0012.tlg001:14.246a","urn:cts:ahcip:GregoryNagy.HomerTheClassic:c_2.s_149.t_65","quoted and translated as part of Plutarch On the face in the moon 938d","analysis of the theme of Okeanos in Crates’ edition of Homer (similarity to Orphic tradition) and difference from Aristarchus’ edition"
"urn:cts:greekLit:tlg0012.tlg001:14.246a","urn:cts:ahcip:GregoryNagy.HomerTheClassic:c_2.s_150.n_","reference","analysis of the theme of Okeanos in Crates’ edition of Homer, its difference from Aristarchus’ edition, and how the passage appears in modern editions"
"urn:cts:greekLit:tlg0012.tlg001:14.246a","urn:cts:ahcip:GregoryNagy.HomerTheClassic:c_2.s_154","reference","analysis of Crates’ interpretation of the verse"
"urn:cts:greekLit:tlg0012.tlg001:14.246a","urn:cts:ahcip:GregoryNagy.HomerTheClassic:c_2.s_155","quoting and translating part of the verse","analysis of the mythological essence of Okeanos and interpretation of the verse"
"urn:cts:greekLit:tlg0012.tlg001:14.246a","urn:cts:ahcip:GregoryNagy.HomerTheClassic:c_2.s_178","reference","the Homerus Auctus as not an editorial conflation of incompatible texts but as a preedited corpus of undifferentiated oral traditions that later became differentiated into distinct textual traditions"
"urn:cts:greekLit:tlg0012.tlg001:14.246a","urn:cts:ahcip:GregoryNagy.HomerTheClassic:c_2.s_214","reference","Aristarchus’ practice of omitting only weakly attested neoteric verses, such as this supposedly Orphic one"
"urn:cts:greekLit:tlg0012.tlg001:14.246a","urn:cts:ahcip:GregoryNagy.HomerTheClassic:c_2.s_152","reference, quoting and translating part of the verse","Crates’ interpretation of the verse and evidence for a cosmic theory, contrasted with Aristarchus’ [MRBTP: scholia]"
"urn:cts:greekLit:tlg0012.tlg001:14.302","urn:cts:ahcip:GregoryNagy.HomerTheClassic:c_2.s_132.t_57","quoted and translated as part of Plato Cratylus 402a-d","analysis of the generative and fluid power of Okeanos and cosmogony and initiation into mysteries"
"urn:cts:greekLit:tlg0012.tlg001:14.302","urn:cts:ahcip:GregoryNagy.HomerTheClassic:c_2.s_132.t_57.n_","reference","analysis of the generative and fluid power of Okeanos and cosmogony and initiation into mysteries"
"urn:cts:greekLit:tlg0012.tlg001:14.302","urn:cts:ahcip:GregoryNagy.HomerTheClassic:c_2.s_140.t_59","quoted and translated as part of Plato Theaetetus 152e","analysis of Plato’s treatment of Homer and Orpheus (convergences), initiation into mysteries, fluidity and motion in this passage"
"urn:cts:greekLit:tlg0012.tlg001:14.302","urn:cts:ahcip:GregoryNagy.HomerTheClassic:c_2.s_146.t_64","quoted and translated","analysis of the confluence of Orphic and Homeric traditions (in the context of analyzing Plato Cratylus)"
"urn:cts:greekLit:tlg0012.tlg001:15.494-15.499","urn:cts:ahcip:GregoryNagy.HomerTheClassic:c_4.s_268","reference","the belle mort of Hector as motivating the Athenians to live up to the heroic legacy they learn from Homer, in the context of analyzing Lycurgus Against Leokrates where these verses are quoted"
"urn:cts:greekLit:tlg0012.tlg001:16.121","urn:cts:ahcip:GregoryNagy.HomerTheClassic:c_4.s_109","paraphrased","analysis of Zeus’ role in awarding nikē as primary and Athena’s as secondary"
"urn:cts:greekLit:tlg0012.tlg001:16.362","urn:cts:ahcip:GregoryNagy.HomerTheClassic:c_4.s_109","paraphrased","analysis of Zeus’ role in awarding nikē as primary and Athena’s as secondary"
"urn:cts:greekLit:tlg0012.tlg001:16.364-16.366","urn:cts:ahcip:GregoryNagy.HomerTheClassic:c_4.s_109","reference","analysis of Zeus’ role in awarding nikē as primary and Athena’s as secondary"
"urn:cts:greekLit:tlg0012.tlg001:16.433","urn:cts:ahcip:GregoryNagy.HomerTheClassic:c_3.s_165","reference","example of ‘standard’ usage in Homeric quotations of Plato"
"urn:cts:greekLit:tlg0012.tlg001:16.446-16.467","urn:cts:ahcip:GregoryNagy.HomerTheClassic:c_P.s_151.t_25","reference","in the context of an example of the reinterpretation of Aristarchus’ descriptions as prescriptions by later Aristarcheans"
"urn:cts:greekLit:tlg0012.tlg001:16.844-16.845","urn:cts:ahcip:GregoryNagy.HomerTheClassic:c_4.s_109","paraphrased","analysis of Zeus’ role in awarding nikē as primary and Athena’s as secondary"
"urn:cts:greekLit:tlg0012.tlg001:17.75","urn:cts:ahcip:GregoryNagy.HomerTheClassic:c_P.s_159","reference","analysis of Aristarchus’ practice of deciding on what he considers the correct reading by listening to the reading of his anagnōstēs Posidonius"
"urn:cts:greekLit:tlg0012.tlg001:17.75-17.76","urn:cts:ahcip:GregoryNagy.HomerTheClassic:c_P.s_160.t_30","scholia quoted and translated","analysis of Aristarchus’ practice of deciding on what he considers the correct reading by listening to the reading of his anagnōstēs Posidonius"
"urn:cts:greekLit:tlg0012.tlg001:17.75a","urn:cts:ahcip:GregoryNagy.HomerTheClassic:c_P.s_158","quoting part of the scholia","comment on the use of the word anagnōstēs in the scholia, here specifically regarding Posidonius [MRBTP: scholia]"
"urn:cts:greekLit:tlg0012.tlg001:17.75a","urn:cts:ahcip:GregoryNagy.HomerTheClassic:c_P.s_159.t_29","part of verse quoted as lēmma, scholia quoted and translated","analysis of Aristarchus’ practice of deciding on what he considers the correct reading by listening to the reading of his anagnōstēs Posidonius [MRBTP: scholia]"
"urn:cts:greekLit:tlg0012.tlg001:17.176-17.177","urn:cts:ahcip:GregoryNagy.HomerTheClassic:c_4.s_109","paraphrased","analysis of Zeus’ role in awarding nikē as primary and Athena’s as secondary"
"urn:cts:greekLit:tlg0012.tlg001:17.195-17.214","urn:cts:ahcip:GregoryNagy.HomerTheClassic:c_4.s_269.t_47","quoted and translated","analysis of the nod of Zeus as signifying the overall plot of the Iliad and here a specific theme, Hector as a beau mort and the sorrow of Andromache (poetry of terror and pity), and its significance for Pheidias"
"urn:cts:greekLit:tlg0012.tlg001:17.202","urn:cts:ahcip:GregoryNagy.HomerTheClassic:c_4.s_269.t_47.n_","reference","Aristarchus’ preferred reading for the verse [MRBTP: scholia]"
"urn:cts:greekLit:tlg0012.tlg001:17.207","urn:cts:ahcip:GregoryNagy.HomerTheClassic:c_1.s_203.t_41.n_","reference","comparison of the wording here with I.22.444 regarding Andromache’s expected and Zeus’ planned return of Hector from battle"
"urn:cts:greekLit:tlg0012.tlg001:17.331-17.332","urn:cts:ahcip:GregoryNagy.HomerTheClassic:c_4.s_109","paraphrased","analysis of Zeus’ role in awarding nikē as primary and Athena’s as secondary"
"urn:cts:greekLit:tlg0012.tlg001:17.456a","urn:cts:ahcip:GregoryNagy.HomerTheClassic:c_P.s_48.n_","reference to verse and scholia","in the list of West’s (2001:40n33) list of plus-verses, in the context of analyzing plus-verses in Zenodotus’ (vs. Aristarchus’) text of Homer and Zenodotus’ deletion as well as athetesis of them [MRBTP: scholia]"
"urn:cts:greekLit:tlg0012.tlg001:17.627","urn:cts:ahcip:GregoryNagy.HomerTheClassic:c_4.s_109","paraphrased","analysis of Zeus’ role in awarding nikē as primary and Athena’s as secondary"
"urn:cts:greekLit:tlg0012.tlg001:17.719","urn:cts:ahcip:GregoryNagy.HomerTheClassic:c_4.s_45","reference","the scholiastic tradition stemming from Aristarchus as implying that Homer wrote his poems [MRBTP: scholia]"
"urn:cts:greekLit:tlg0012.tlg001:18.156a","urn:cts:ahcip:GregoryNagy.HomerTheClassic:c_P.s_48.n_","reference to verse and scholia","in the list of West’s (2001:40n33) list of plus-verses, in the context of analyzing plus-verses in Zenodotus’ (vs. Aristarchus’) text of Homer and Zenodotus’ deletion as well as athetesis of them [MRBTP: scholia]"
"urn:cts:greekLit:tlg0012.tlg001:18.399","urn:cts:ahcip:GregoryNagy.HomerTheClassic:c_2.s_165","quoting and translating part if the verse","analysis of the Orphic dimensions of the Shield of Achilles, here Okeanos and the idea of coming full circle"
"urn:cts:greekLit:tlg0012.tlg001:18.478-18.609","urn:cts:ahcip:GregoryNagy.HomerTheClassic:c_2.s_164.t_67","quoted and translated","analysis of the Orphic dimensions of the Shield of Achilles, here the image of the cosmos defined by Okeanos on its outermost limit"
"urn:cts:greekLit:tlg0012.tlg001:18.479","urn:cts:ahcip:GregoryNagy.HomerTheClassic:c_2.s_165","quoting and translating part of the verse, references","analysis of the Orphic dimensions of the Shield of Achilles, here Hephaistos’ fashioning of the Shield"
"urn:cts:greekLit:tlg0012.tlg001:18.480","urn:cts:ahcip:GregoryNagy.HomerTheClassic:c_C.s_16.n_","reference","argument (in HPC E§148) that the word triplax shows a pattern of crossover from weaving to metalwork"
"urn:cts:greekLit:tlg0012.tlg001:18.481-18.489","urn:cts:ahcip:GregoryNagy.HomerTheClassic:c_2.s_152.n_","reference","Crates’ interpretation of Achilles’ Shield as an imago mundi and his cosmic theory"
"urn:cts:greekLit:tlg0012.tlg001:18.482-18.485","urn:cts:ahcip:GregoryNagy.HomerTheClassic:c_2.s_165","reference","analysis of the Orphic dimensions of the Shield of Achilles, here the centrality of the cosmos in its design"
"urn:cts:greekLit:tlg0012.tlg001:18.482-18.608","urn:cts:ahcip:GregoryNagy.HomerTheClassic:c_2.s_173","references","continuity of the natural and human cosmos as represented on the Shield, and the mystical interplay between rigidity and fluidity in the Shield"
"urn:cts:greekLit:tlg0012.tlg001:18.483-18.608","urn:cts:ahcip:GregoryNagy.HomerTheClassic:c_2.s_195","reference","Zenodotus’ athetizing the entire sequence of verses on the images on the Shield and consequent dissociation of them, including the Okeanos, from the Iliad"
"urn:cts:greekLit:tlg0012.tlg001:18.483-18.608","urn:cts:ahcip:GregoryNagy.HomerTheClassic:c_2.s_198","reference","Aristarchus’ not athetizing these verses, and consequently that they were conventionally thought to belong to the Homeric tradition"
"urn:cts:greekLit:tlg0012.tlg001:18.483a","urn:cts:ahcip:GregoryNagy.HomerTheClassic:c_2.s_195.n_","scholia quoted and translated","Zenodotus’ athetizing the entire sequence of verses on the images on the Shield and consequent dissociation of them, including the Okeanos, from the Iliad [MRBTP: scholia]"
"urn:cts:greekLit:tlg0012.tlg001:18.490-18.491","urn:cts:ahcip:GregoryNagy.HomerTheClassic:c_2.s_173.t_71","quoted and translated","continuity of the natural and human cosmos and their narration as represented on the Shield"
"urn:cts:greekLit:tlg0012.tlg001:18.491-18.508","urn:cts:ahcip:GregoryNagy.HomerTheClassic:c_2.s_174","references","analysis of the fluidity of the action on the Shield (the litigation scene) and its generality (litigants and onlookers unidentified)"
"urn:cts:greekLit:tlg0012.tlg001:18.497-18.501","urn:cts:ahcip:GregoryNagy.HomerTheClassic:c_2.s_174.t_72","quoted and translated","analysis of the fluidity of the action on the Shield (the litigation scene) and its generality (litigants and onlookers unidentified)"
"urn:cts:greekLit:tlg0012.tlg001:18.516-18.519","urn:cts:ahcip:GregoryNagy.HomerTheClassic:c_1.s_54.t_14","quoted and translated","analysis of poetic visualization, the epithet arizēlos, and the representation of gods and humans in the Shield"
"urn:cts:greekLit:tlg0012.tlg001:18.516-18.519","urn:cts:ahcip:GregoryNagy.HomerTheClassic:c_4.s_100.t_20.n_","reference","comment on the parallelism of the representation of Athena and Ares on the Shield as well as elsewhere"
"urn:cts:greekLit:tlg0012.tlg001:18.519","urn:cts:ahcip:GregoryNagy.HomerTheClassic:c_1.s_55","references","analysis of poetic visualization, the epithet arizēlos, and the representation of gods and humans in the Shield"
"urn:cts:greekLit:tlg0012.tlg001:18.519","urn:cts:ahcip:GregoryNagy.HomerTheClassic:c_2.s_170","references","comparison and analysis of the serpent in I.02 and the image on Achilles’ Shield, and their both being described with arizēlos, which marks an everlasting vision, pictured by Homeric poetry as a perfect and permanent work of art"
"urn:cts:greekLit:tlg0012.tlg001:18.519","urn:cts:ahcip:GregoryNagy.HomerTheClassic:c_2.s_171","references","comparison and analysis of the serpent in I.02 and the image on Achilles’ Shield, and their both being described with arizēlos, which marks an everlasting vision, pictured by Homeric poetry as a perfect and permanent work of art"
"urn:cts:greekLit:tlg0012.tlg001:18.590","urn:cts:ahcip:GregoryNagy.HomerTheClassic:c_C.s_16","reference","comment on poikillein, describing the work of Hephaistos on the Shield, as a crossover from weaving to metalwork (in the context of analyzing the Shield of Aeneas in the Aeneid)"
"urn:cts:greekLit:tlg0012.tlg001:18.590-18.604","urn:cts:ahcip:GregoryNagy.HomerTheClassic:c_2.s_74.t_24","quoted and translated","analysis of ex-arkhein to mark the beginning of singing and dancing, in the context of analyzing the role of the choral leader"
"urn:cts:greekLit:tlg0012.tlg001:18.604-18.605","urn:cts:ahcip:GregoryNagy.HomerTheClassic:c_2.s_74.t_24.n_","quoted, quoted and translated (in two footnotes)","comment on and analysis of the reading adopted (Wolf 1804) and the manuscript traditions, and Aristarchus’ preferred reading"
"urn:cts:greekLit:tlg0012.tlg001:18.606","urn:cts:ahcip:GregoryNagy.HomerTheClassic:c_2.s_74.t_24.n_","references (in two footnotes)","comment on adopting the reading exarkhontos (Athenaeus 5.180d) and analysis of it and the reading of Aristarchus and the manuscript traditions"
"urn:cts:greekLit:tlg0012.tlg001:18.607-18.608","urn:cts:ahcip:GregoryNagy.HomerTheClassic:c_2.s_165","reference","analysis of the Orphic dimensions of the Shield of Achilles, here Okeanos and the idea of coming full circle"
"urn:cts:greekLit:tlg0012.tlg001:18.607-18.608","urn:cts:ahcip:GregoryNagy.HomerTheClassic:c_2.s_168","reference","analysis of the simultaneous rigidity and fluidity of the world of the Shield"
"urn:cts:greekLit:tlg0012.tlg001:18.607-18.608","urn:cts:ahcip:GregoryNagy.HomerTheClassic:c_2.s_195","reference","Zenodotus’ athetizing the entire sequence of verses on the images on the Shield and consequent dissociation of them, including the Okeanos, from the Iliad"
"urn:cts:greekLit:tlg0012.tlg001:18.607-18.608","urn:cts:ahcip:GregoryNagy.HomerTheClassic:c_2.s_198","reference","Aristarchus’ not athetizing these verses, and consequently that they were conventionally thought to belong to the Homeric tradition"
"urn:cts:greekLit:tlg0012.tlg001:18.608","urn:cts:ahcip:GregoryNagy.HomerTheClassic:c_2.s_165","reference","analysis of the Orphic dimensions of the Shield of Achilles, here the antux, Okeanos, and the idea of coming full circle"
"urn:cts:greekLit:tlg0012.tlg001:19.365-19.368a","urn:cts:ahcip:GregoryNagy.HomerTheClassic:c_P.s_71","scholia quoted and translated","analysis of Didymus’ consulting Ammonius as an authority to determine earlier and later phases in the editorial work of Aristarchus [MRBTP: scholia]"
"urn:cts:greekLit:tlg0012.tlg001:19.365-19.368a","urn:cts:ahcip:GregoryNagy.HomerTheClassic:c_P.s_73","reference to scholia","analysis of the evidence of the commentators on whether there were one or two Aristarchean ekdoseis of Homer [MRBTP: scholia]"
"urn:cts:greekLit:tlg0012.tlg001:19.365-19.368a","urn:cts:ahcip:GregoryNagy.HomerTheClassic:c_P.s_79","reference to scholia","analysis of the evidence of the commentators on whether there were one or two Aristarchean ekdoseis of Homer [MRBTP: scholia]"
"urn:cts:greekLit:tlg0012.tlg001:20.65","urn:cts:ahcip:GregoryNagy.HomerTheClassic:c_2.s_165","quoting and translating part if the verse","analysis of the Orphic dimensions of the Shield of Achilles, here Okeanos and the idea of coming full circle (and this verse as a point of comparison)"
"urn:cts:greekLit:tlg0012.tlg001:20.101-20.102","urn:cts:ahcip:GregoryNagy.HomerTheClassic:c_4.s_109","paraphrased","analysis of Zeus’ role in awarding nikē as primary and Athena’s as secondary"
"urn:cts:greekLit:tlg0012.tlg001:20.307-20.308a1","urn:cts:ahcip:GregoryNagy.HomerTheClassic:c_1.s_108","reference","comment on the ruling families of New Ilion attested in the scholia and the struggle for prestige between New Ilion and Scepsis"
"urn:cts:greekLit:tlg0012.tlg001:20.307-20.308a1","urn:cts:ahcip:GregoryNagy.HomerTheClassic:c_1.s_112","reference","comment on the ruling families of New Ilion attested in the scholia and the struggle for prestige between New Ilion and Scepsis"
"urn:cts:greekLit:tlg0012.tlg001:21.194-21.197","urn:cts:ahcip:GregoryNagy.HomerTheClassic:c_2.s_196","reference","analysis of Zenodotus’ editorial plan of athetizing those aspects of the Iliad he deemed Orphic, including Okeanos as the primal stream, and rather following the tradition of Akheloios as the primal stream and external evidence for it"
"urn:cts:greekLit:tlg0012.tlg001:21.194-21.197","urn:cts:ahcip:GregoryNagy.HomerTheClassic:c_2.s_196.n_","reference","analysis of Zenodotus’ editorial plan of athetizing those aspects of the Iliad he deemed Orphic, including Okeanos as the primal stream, and rather following the tradition of Akheloios as the primal stream and external evidence for it"
"urn:cts:greekLit:tlg0012.tlg001:21.194-21.197","urn:cts:ahcip:GregoryNagy.HomerTheClassic:c_2.s_211","reference","analysis of Zenodotus’ editorial plan of athetizing those aspects of the Iliad he deemed Orphic, including Okeanos as the primal stream, and rather following the tradition of Akheloios as the primal stream and external evidence for it"
"urn:cts:greekLit:tlg0012.tlg001:21.195","urn:cts:ahcip:GregoryNagy.HomerTheClassic:c_2.s_198","references","Aristarchus’ not athetizing the verse (unlike Zenodotus), and so, indication that all the verses this passage were conventionally thought to belong to the Homeric tradition"
"urn:cts:greekLit:tlg0012.tlg001:21.195","urn:cts:ahcip:GregoryNagy.HomerTheClassic:c_2.s_198.n_","references","Aristarchus’ not athetizing the verse (unlike Zenodotus), and so, indication that all the verses this passage were conventionally thought to belong to the Homeric tradition"
"urn:cts:greekLit:tlg0012.tlg001:21.195","urn:cts:ahcip:GregoryNagy.HomerTheClassic:c_2.s_207","references","analysis of scholia on Zenodotus’ treatment of the verse and Aristarchus’ disagreement with him"
"urn:cts:greekLit:tlg0012.tlg001:21.195","urn:cts:ahcip:GregoryNagy.HomerTheClassic:c_2.s_208","reference","analysis of Crates’ defense of the verse and the his stance on Okeanos, not Akheloios as the primal cosmic body of water"
"urn:cts:greekLit:tlg0012.tlg001:21.195","urn:cts:ahcip:GregoryNagy.HomerTheClassic:c_2.s_209","reference","analysis of Zenodotus’ grounds for rejecting the verse"
"urn:cts:greekLit:tlg0012.tlg001:21.195","urn:cts:ahcip:GregoryNagy.HomerTheClassic:c_2.s_213","reference","Homeric poetry’s accommodating both Okeanos and Akheloios"
"urn:cts:greekLit:tlg0012.tlg001:21.195","urn:cts:ahcip:GregoryNagy.HomerTheClassic:c_2.s_207","references","analysis of scholia on Zenodotus’ treatment of the verse and Aristarchus’ disagreement with him [MRBTP: scholia]"
"urn:cts:greekLit:tlg0012.tlg001:21.195","urn:cts:ahcip:GregoryNagy.HomerTheClassic:c_2.s_208","reference","analysis of Crates’ defense of the verse and the his stance on Okeanos, not Akheloios as the primal cosmic body of water [MRBTP: scholia]"
"urn:cts:greekLit:tlg0012.tlg001:21.195","urn:cts:ahcip:GregoryNagy.HomerTheClassic:c_2.s_209","scholia quoted and translated","analysis of Zenodotus’ grounds for rejecting the verse [MRBTP: scholia]"
"urn:cts:greekLit:tlg0012.tlg001:21.195","urn:cts:ahcip:GregoryNagy.HomerTheClassic:c_2.s_212","scholia quoted and translated","analysis of Aristarchus’ retention of the verse (contra Zenodotus) [MRBTP: scholia]"
"urn:cts:greekLit:tlg0012.tlg001:21.195-21.197","urn:cts:ahcip:GregoryNagy.HomerTheClassic:c_2.s_155.n_","reference","analysis of the mythological essence of Okeanos as a cosmic fresh-water river-god encircling Earth"
"urn:cts:greekLit:tlg0012.tlg001:21.196-21.197","urn:cts:ahcip:GregoryNagy.HomerTheClassic:c_2.s_144.n_","reference","Janko’s analysis of the origin of the references to Okeanos and Tethys in this verse"
"urn:cts:greekLit:tlg0012.tlg001:21.221","urn:cts:ahcip:GregoryNagy.HomerTheClassic:c_P.s_154.t_28","part of verse quoted as lēmma, scholia quoted and translated","analysis of what is sunēthes in the current usage and Homeric usage and scholars in the post-Aristarchean era no longer having access to the ‘Koine’ tradition available to Aristarchus [MRBTP: scholia]"
"urn:cts:greekLit:tlg0012.tlg001:21.221b1","urn:cts:ahcip:GregoryNagy.HomerTheClassic:c_P.s_154.t_28.n_","reference","comment on the evidence of the scholia for how to read eason/heason in this verse [MRBTP: scholia]"
"urn:cts:greekLit:tlg0012.tlg001:21.221b2","urn:cts:ahcip:GregoryNagy.HomerTheClassic:c_P.s_154.t_28.n_","reference","comment on the evidence of the scholia for how to read eason/heason in this verse [MRBTP: scholia]"
"urn:cts:greekLit:tlg0012.tlg001:21.221c1","urn:cts:ahcip:GregoryNagy.HomerTheClassic:c_P.s_154.t_28.n_","reference","comment on the evidence of the scholia for how to read eason/heason in this verse [MRBTP: scholia]"
"urn:cts:greekLit:tlg0012.tlg001:21.221c2","urn:cts:ahcip:GregoryNagy.HomerTheClassic:c_P.s_154.t_28.n_","reference","comment on the evidence of the scholia for how to read eason/heason in this verse [MRBTP: scholia]"
"urn:cts:greekLit:tlg0012.tlg001:21.308-21.309","urn:cts:ahcip:GregoryNagy.HomerTheClassic:c_3.s_121","reference","passage adduced by Socrates at Protagoras 340a"
"urn:cts:greekLit:tlg0012.tlg001:21.483","urn:cts:ahcip:GregoryNagy.HomerTheClassic:c_P.s_127.t_8","quoting part of the verse","analysis of EPEISE read as epei sé (non-enclitic) as opposed to epei se (enclitic), according to Herodian"
"urn:cts:greekLit:tlg0012.tlg001:21.483","urn:cts:ahcip:GregoryNagy.HomerTheClassic:c_P.s_146.t_22","quoting part of the verse","analysis of EPEISE read as epei sé (non-enclitic) as opposed to epei se (enclitic), according to Herodian"
"urn:cts:greekLit:tlg0012.tlg001:22.315","urn:cts:ahcip:GregoryNagy.HomerTheClassic:c_4.s_100.t_20.n_","reference","analysis of Athena’s helmet at I.05.743 and tetraphalēros and tetraphalos as formulaic variants"
"urn:cts:greekLit:tlg0012.tlg001:22.437-22.515","urn:cts:ahcip:GregoryNagy.HomerTheClassic:c_1.s_203.t_41","quoted and translated","analysis of Andromache’s weaving as interpreted as a Homeric metaphor for epic narration in the time of Virgil"
"urn:cts:greekLit:tlg0012.tlg001:22.441","urn:cts:ahcip:GregoryNagy.HomerTheClassic:c_1.s_203.t_41.n_","reference","note on the variant readings porphureē and marmareē in this verse"
"urn:cts:greekLit:tlg0012.tlg001:22.444","urn:cts:ahcip:GregoryNagy.HomerTheClassic:c_1.s_203.t_41.n_","reference","comparison of the wording here with I.17.207 regarding Andromache’s expected and Zeus’ planned return of Hector from battle"
"urn:cts:greekLit:tlg0012.tlg001:22.460","urn:cts:ahcip:GregoryNagy.HomerTheClassic:c_1.s_205","reference","comparison of (the details in) the passage on Andromache and her weaving with her appearance in Aeneid 3, here her looking like a maenad when she swoons"
"urn:cts:greekLit:tlg0012.tlg001:22.466-22.474","urn:cts:ahcip:GregoryNagy.HomerTheClassic:c_1.s_205","reference","comparison of (the details in) the passage on Andromache and her weaving with her appearance in Aeneid 3, here her swooning"
"urn:cts:greekLit:tlg0012.tlg001:22.477-22.514","urn:cts:ahcip:GregoryNagy.HomerTheClassic:c_4.s_262","reference","analysis of the association of Andromache with the emotion of pity and the art of lamentation"
"urn:cts:greekLit:tlg0012.tlg001:23.83a","urn:cts:ahcip:GregoryNagy.HomerTheClassic:c_3.s_191","reference","evidence for non-Koine versions still in the time of Plato"
"urn:cts:greekLit:tlg0012.tlg001:23.83b","urn:cts:ahcip:GregoryNagy.HomerTheClassic:c_3.s_191","reference","evidence for non-Koine versions still in the time of Plato"
"urn:cts:greekLit:tlg0012.tlg001:23.767","urn:cts:ahcip:GregoryNagy.HomerTheClassic:c_4.s_109","paraphrased","analysis of Zeus’ role in awarding nikē as primary and Athena’s as secondary"
"urn:cts:greekLit:tlg0012.tlg001:23.768-23.770","urn:cts:ahcip:GregoryNagy.HomerTheClassic:c_4.s_109","reference","analysis of Zeus’ role in awarding nikē as primary and Athena’s as secondary"
"urn:cts:greekLit:tlg0012.tlg001:23.771","urn:cts:ahcip:GregoryNagy.HomerTheClassic:c_4.s_109","paraphrased","analysis of Zeus’ role in awarding nikē as primary and Athena’s as secondary"
"urn:cts:greekLit:tlg0012.tlg001:24.527-24.528","urn:cts:ahcip:GregoryNagy.HomerTheClassic:c_2.s_135.n_","reference","verses matching these quoted in the Derveni Papyrus and considered by the commentator as Orphic (Obbink 1997:41n4)"
"urn:cts:greekLit:tlg0012.tlg001:24.580-24.581","urn:cts:ahcip:GregoryNagy.HomerTheClassic:c_1.s_203.t_41.n_","reference","comment on Andromache’s mistaken prophecy in I.22.513 about Hector’s not having a chance to lie dead in state dressed in fine clothing"
"urn:cts:greekLit:tlg0012.tlg001:24.601-24.620","urn:cts:ahcip:GregoryNagy.HomerTheClassic:c_1.s_33.t_9","quoted and translated","analysis of petrified characters, here in Niobe’s story, and Aristarchus’ analysis of 611 in the passage as Homeric but 614-617 as non-Homeric"
"urn:cts:greekLit:tlg0012.tlg001:24.611","urn:cts:ahcip:GregoryNagy.HomerTheClassic:c_1.s_35","reference","analysis of petrified characters, here in Niobe’s story, and Aristarchus’ analysis of 611 in the passage as Homeric but 614-617 as non-Homeric"
"urn:cts:greekLit:tlg0012.tlg001:24.613a1","urn:cts:ahcip:GregoryNagy.HomerTheClassic:c_1.s_35","reference","analysis of petrified characters, here in Niobe’s story, and Aristarchus’ analysis of 611 in the passage as Homeric but 614-617 as non-Homeric [MRBTP: scholia]"
"urn:cts:greekLit:tlg0012.tlg001:24.614-24.617","urn:cts:ahcip:GregoryNagy.HomerTheClassic:c_1.s_35","references","analysis of petrified characters, here in Niobe’s story, and Aristarchus’ analysis of 611 in the passage as Homeric but 614-617 as non-Homeric"
"urn:cts:greekLit:tlg0012.tlg001:24.614-24.617a1","urn:cts:ahcip:GregoryNagy.HomerTheClassic:c_1.s_35","reference","analysis of petrified characters, here in Niobe’s story, and Aristarchus’ analysis of 611 in the passage as Homeric but 614-617 as non-Homeric [MRBTP: scholia]"
"urn:cts:greekLit:tlg0012.tlg001:24.684","urn:cts:ahcip:GregoryNagy.HomerTheClassic:c_P.s_127.t_8","quoting part of the verse","analysis of EPEISE read as epei sé (non-enclitic) as opposed to epei se (enclitic), according to Herodian"
"urn:cts:greekLit:tlg0012.tlg001:24.684","urn:cts:ahcip:GregoryNagy.HomerTheClassic:c_P.s_146.t_22","quoting part of the verse","analysis of EPEISE read as epei sé (non-enclitic) as opposed to epei se (enclitic), according to Herodian"
"urn:cts:greekLit:tlg0012.tlg001:24.725-24.745","urn:cts:ahcip:GregoryNagy.HomerTheClassic:c_4.s_262","reference","analysis of the association of Andromache with the emotion of pity and the art of lamentation"
"urn:cts:greekLit:tlg0012.tlg001:24.804","urn:cts:ahcip:GregoryNagy.HomerTheClassic:c_1.s_178.t_31.n_","reference","comment on a version of the Aithiopis that began at the closure of the Iliad, where hippodamoio in this verse is replaced by ēlthe d’Amazōn (in the context of analyzing Penthesileia in Aeneid 1.441-493)"
"urn:cts:greekLit:tlg0012.tlg001:24.804","urn:cts:ahcip:GregoryNagy.HomerTheClassic:c_4.s_267","reference","analysis of the Panathenaic tradition of Homer as evolving in such a way as to highlight Hector, rather than Achilles, as the primary point of interest in the poetics of terror and pity, as the primary beau mort"
