"urn:cts:greekLit:tlg0012.tlg002:1.153","urn:cts:ahcip:GregoryNagy.HomerTheClassic:c_3.s_41","reference","analysis of the prototypical rhapsode Phemios as matching a singing Homer as envisioned in Homeric poetry, and contrast with the generic rhapsode of Plato’s day and with Orpheus the ‘citharode’ in the context of Plato Ion"
"urn:cts:greekLit:tlg0012.tlg002:1.154","urn:cts:ahcip:GregoryNagy.HomerTheClassic:c_3.s_41","reference","analysis of the prototypical rhapsode Phemios as matching a singing Homer as envisioned in Homeric poetry, and contrast with the generic rhapsode of Plato’s day and with Orpheus the ‘citharode’ in the context of Plato Ion"
"urn:cts:greekLit:tlg0012.tlg002:1.155","urn:cts:ahcip:GregoryNagy.HomerTheClassic:c_3.s_41","reference","analysis of the prototypical rhapsode Phemios as matching a singing Homer as envisioned in Homeric poetry, and contrast with the generic rhapsode of Plato’s day and with Orpheus the ‘citharode’ in the context of Plato Ion"
"urn:cts:greekLit:tlg0012.tlg002:1.159","urn:cts:ahcip:GregoryNagy.HomerTheClassic:c_3.s_41","reference","analysis of the prototypical rhapsode Phemios as matching a singing Homer as envisioned in Homeric poetry, and contrast with the generic rhapsode of Plato’s day and with Orpheus the ‘citharode’ in the context of Plato Ion"
"urn:cts:greekLit:tlg0012.tlg002:1.325","urn:cts:ahcip:GregoryNagy.HomerTheClassic:c_3.s_41","reference","analysis of the prototypical rhapsode Phemios as matching a singing Homer as envisioned in Homeric poetry, and contrast with the generic rhapsode of Plato’s day and with Orpheus the ‘citharode’ in the context of Plato Ion"
"urn:cts:greekLit:tlg0012.tlg002:1.326","urn:cts:ahcip:GregoryNagy.HomerTheClassic:c_3.s_41","reference","analysis of the prototypical rhapsode Phemios as matching a singing Homer as envisioned in Homeric poetry, and contrast with the generic rhapsode of Plato’s day and with Orpheus the ‘citharode’ in the context of Plato Ion"
"urn:cts:greekLit:tlg0012.tlg002:1.328","urn:cts:ahcip:GregoryNagy.HomerTheClassic:c_3.s_41","reference","analysis of the prototypical rhapsode Phemios as matching a singing Homer as envisioned in Homeric poetry, and contrast with the generic rhapsode of Plato’s day and with Orpheus the ‘citharode’ in the context of Plato Ion"
"urn:cts:greekLit:tlg0012.tlg002:1.340","urn:cts:ahcip:GregoryNagy.HomerTheClassic:c_3.s_41","reference","analysis of the prototypical rhapsode Phemios as matching a singing Homer as envisioned in Homeric poetry, and contrast with the generic rhapsode of Plato’s day and with Orpheus the ‘citharode’ in the context of Plato Ion"
"urn:cts:greekLit:tlg0012.tlg002:1.346","urn:cts:ahcip:GregoryNagy.HomerTheClassic:c_3.s_41","reference","analysis of the prototypical rhapsode Phemios as matching a singing Homer as envisioned in Homeric poetry, and contrast with the generic rhapsode of Plato’s day and with Orpheus the ‘citharode’ in the context of Plato Ion"
"urn:cts:greekLit:tlg0012.tlg002:1.347","urn:cts:ahcip:GregoryNagy.HomerTheClassic:c_3.s_41","reference","analysis of the prototypical rhapsode Phemios as matching a singing Homer as envisioned in Homeric poetry, and contrast with the generic rhapsode of Plato’s day and with Orpheus the ‘citharode’ in the context of Plato Ion"
"urn:cts:greekLit:tlg0012.tlg002:1.350","urn:cts:ahcip:GregoryNagy.HomerTheClassic:c_3.s_41","reference","analysis of the prototypical rhapsode Phemios as matching a singing Homer as envisioned in Homeric poetry, and contrast with the generic rhapsode of Plato’s day and with Orpheus the ‘citharode’ in the context of Plato Ion"
"urn:cts:greekLit:tlg0012.tlg002:1.351","urn:cts:ahcip:GregoryNagy.HomerTheClassic:c_3.s_41","reference","analysis of the prototypical rhapsode Phemios as matching a singing Homer as envisioned in Homeric poetry, and contrast with the generic rhapsode of Plato’s day and with Orpheus the ‘citharode’ in the context of Plato Ion"
"urn:cts:greekLit:tlg0012.tlg002:1.356","urn:cts:ahcip:GregoryNagy.HomerTheClassic:c_P.s_53","reference to scholia","analysis of the numerus versuum, its singularity and emergence from the koinai texts, which tended to conform to such a fixed verse count whereas the khariesterai did not [MRBTP: scholia]"
"urn:cts:greekLit:tlg0012.tlg002:3.132-3.135","urn:cts:ahcip:GregoryNagy.HomerTheClassic:c_1.s_118","reference, paraphrased","comment on the revenge of Athena against the Achaeans, in the context of analyzing the story of the Wooden Horse, and Laöcoon in the Aeneid"
"urn:cts:greekLit:tlg0012.tlg002:3.195","urn:cts:ahcip:GregoryNagy.HomerTheClassic:c_3.s_186.t_46.n_","quoting part","variants for I.09.653 [MRBTP: scholia]"
"urn:cts:greekLit:tlg0012.tlg002:3.432","urn:cts:ahcip:GregoryNagy.HomerTheClassic:c_1.s_67.n_","reference","comment on khalkeus as referring to any kind of ‘metalworker’, here a smith who works in gold, not bronze"
"urn:cts:greekLit:tlg0012.tlg002:4.17-4.18","urn:cts:ahcip:GregoryNagy.HomerTheClassic:c_2.s_74.t_24.n_","quoted, quoted and translated (in two footnotes)","comment on and analysis of the reading adopted at I.18.604-605 (Wolf 1804) and the manuscript traditions, and Aristarchus’ preferred reading for I.18.604-605 and these verses in the Odyssey"
"urn:cts:greekLit:tlg0012.tlg002:4.18","urn:cts:ahcip:GregoryNagy.HomerTheClassic:c_2.s_74.t_24.n_","references (in two footnotes)","comment on adopting the reading exarkhontos (Athenaeus 5.180d) at I.18.606, and analysis of it and the reading of Aristarchus and the manuscript traditions and here in the Odyssey"
"urn:cts:greekLit:tlg0012.tlg002:5.47","urn:cts:ahcip:GregoryNagy.HomerTheClassic:c_1.s_121","reference","eyes as direct object of thelgein, in the context of analyzing thelgein and the Wooden Horse"
"urn:cts:greekLit:tlg0012.tlg002:5.396","urn:cts:ahcip:GregoryNagy.HomerTheClassic:c_2.s_256.n_","reference","analysis of tēkesthai, here example of tēkesthai in contexts of illness"
"urn:cts:greekLit:tlg0012.tlg002:7.81","urn:cts:ahcip:GregoryNagy.HomerTheClassic:c_1.s_138","reference","analysis of Erekhtheus, development into two figures, his cult, and relationship with Athena"
"urn:cts:greekLit:tlg0012.tlg002:7.132","urn:cts:ahcip:GregoryNagy.HomerTheClassic:c_P.s_136.t_13","part of verse quoted as lēmma, scholia quoted and translated","analysis of the coexistence of the Attic and the Koine usage in this verse and the claim that ‘Homer’ was capable of both (sunēthōs, koinōs) [MRBTP: scholia]"
"urn:cts:greekLit:tlg0012.tlg002:7.132","urn:cts:ahcip:GregoryNagy.HomerTheClassic:c_P.s_137","reference","analysis of the coexistence of the Attic and the Koine usage in this verse and the claim that ‘Homer’ was capable of both [MRBTP: scholia]"
"urn:cts:greekLit:tlg0012.tlg002:8.62-8.94","urn:cts:ahcip:GregoryNagy.HomerTheClassic:c_2.s_289.t_88","quoted and translated","analysis of the metaphors from weaving for the composition of song, here especially oimē as ‘thread’"
"urn:cts:greekLit:tlg0012.tlg002:8.73-8.83","urn:cts:ahcip:GregoryNagy.HomerTheClassic:c_2.s_309","reference","analysis of the parallelism of Odysseus’ restarted outpouring of tears and Demodokos’ restarted epic, and of the plot of the epic about the Trojan War as equated with the prophecy of Apollo and the plan of Zeus"
"urn:cts:greekLit:tlg0012.tlg002:8.74","urn:cts:ahcip:GregoryNagy.HomerTheClassic:c_2.s_92.n_","reference","example of where oimē can be translated as ‘song’ in the context of analyzing the meanings of prooimion, oimos, oimē"
"urn:cts:greekLit:tlg0012.tlg002:8.74","urn:cts:ahcip:GregoryNagy.HomerTheClassic:c_2.s_93","reference","argument that oimos/oimē/prooimion and humnos derive from roots referring to fabric making, and the metaphors of fabric making for composition of song"
"urn:cts:greekLit:tlg0012.tlg002:8.74","urn:cts:ahcip:GregoryNagy.HomerTheClassic:c_2.s_290","reference","analysis of the metaphors from weaving for the composition of song, here especially oimē as ‘thread’"
"urn:cts:greekLit:tlg0012.tlg002:8.74","urn:cts:ahcip:GregoryNagy.HomerTheClassic:c_2.s_291","references","analysis of the leaving off and restarting of the hymnos in Demodokos’ songs, such that it creates the effect of an endless narrative"
"urn:cts:greekLit:tlg0012.tlg002:8.74","urn:cts:ahcip:GregoryNagy.HomerTheClassic:c_2.s_292","references","analysis of the leaving off and restarting of the hymnos in Demodokos’ songs, such that it creates the effect of an endless narrative"
"urn:cts:greekLit:tlg0012.tlg002:8.74","urn:cts:ahcip:GregoryNagy.HomerTheClassic:c_2.s_326","reference","analysis of the kind of epic that the first song of Demodokos is, that is, older kind of epic analogous to what would have been introduced by the Homeric Hymns"
"urn:cts:greekLit:tlg0012.tlg002:8.74","urn:cts:ahcip:GregoryNagy.HomerTheClassic:c_2.s_331","reference","analysis of the kind of epic that the first song of Demodokos is, that is, older kind of epic, in the context of arguing that the poetic form of the epic of Demodokos is cognate with the poetic form of the epic Cycle"
"urn:cts:greekLit:tlg0012.tlg002:8.79-8.81","urn:cts:ahcip:GregoryNagy.HomerTheClassic:c_2.s_309","reference","analysis of the parallelism of Odysseus’ restarted outpouring of tears and Demodokos’ restarted epic, and of the plot of the epic about the Trojan War as equated with the prophecy of Apollo and the plan of Zeus"
"urn:cts:greekLit:tlg0012.tlg002:8.83-8.85","urn:cts:ahcip:GregoryNagy.HomerTheClassic:c_2.s_299","reference","analysis of the leaving off and restarting of the hymnos in Demodokos’ songs and Odysseus’ reaction of dissolving into tears each time Demodokos restarts"
"urn:cts:greekLit:tlg0012.tlg002:8.86","urn:cts:ahcip:GregoryNagy.HomerTheClassic:c_2.s_299","transliterating and translating part of the verse","analysis of the leaving off and restarting of the hymnos in Demodokos’ songs and Odysseus’ reaction of dissolving into tears each time Demodokos restarts"
"urn:cts:greekLit:tlg0012.tlg002:8.86","urn:cts:ahcip:GregoryNagy.HomerTheClassic:c_2.s_308","transliterating and translating part of the verse","analysis of the restarting of Demodokos’ song, Odysseus’ reaction of dissolving into tears, and the recycling of the sorrowful themes of the first song in the third by way of ring composition"
"urn:cts:greekLit:tlg0012.tlg002:8.86","urn:cts:ahcip:GregoryNagy.HomerTheClassic:c_2.s_343","transliterating and translating part of the verse","analysis of the restarting of Demodokos’ song, Odysseus’ reaction of dissolving into tears, the recycling of the sorrowful themes of the first song in the third by way of ring composition, and the metaphor of fluidity associated with the third song of Demodokos"
"urn:cts:greekLit:tlg0012.tlg002:8.87","urn:cts:ahcip:GregoryNagy.HomerTheClassic:c_2.s_292","references","analysis of the leaving off and restarting of the hymnos in Demodokos’ songs, and comparison with Theocritus Idyll 1 (lēgein)"
"urn:cts:greekLit:tlg0012.tlg002:8.87","urn:cts:ahcip:GregoryNagy.HomerTheClassic:c_2.s_293","references","analysis of the leaving off and restarting of the hymnos in Demodokos’ songs, and comparison with Theocritus Idyll 1 (lēgein)"
"urn:cts:greekLit:tlg0012.tlg002:8.87","urn:cts:ahcip:GregoryNagy.HomerTheClassic:c_2.s_295","references","analysis of the leaving off and restarting of the hymnos in Demodokos’ songs, and comparison with Theocritus Idyll 1 (lēgein)"
"urn:cts:greekLit:tlg0012.tlg002:8.87","urn:cts:ahcip:GregoryNagy.HomerTheClassic:c_2.s_305","reference","analysis of the metabasis and the imperative of pleasing the audience in the performance of Demodokos (aps arkhesthai, lēgein, terpesthai, kharizesthai)"
"urn:cts:greekLit:tlg0012.tlg002:8.90","urn:cts:ahcip:GregoryNagy.HomerTheClassic:c_2.s_292","references","analysis of the leaving off and restarting of the hymnos in Demodokos’ songs"
"urn:cts:greekLit:tlg0012.tlg002:8.90","urn:cts:ahcip:GregoryNagy.HomerTheClassic:c_2.s_295","references","analysis of the leaving off and restarting of the hymnos in Demodokos’ songs"
"urn:cts:greekLit:tlg0012.tlg002:8.90","urn:cts:ahcip:GregoryNagy.HomerTheClassic:c_2.s_299","transliterating and translating part of the verse","analysis of the leaving off and restarting of the hymnos in Demodokos’ songs and Odysseus’ reaction of dissolving into tears each time Demodokos restarts"
"urn:cts:greekLit:tlg0012.tlg002:8.90","urn:cts:ahcip:GregoryNagy.HomerTheClassic:c_2.s_305","reference","analysis of the metabasis and the imperative of pleasing the audience in the performance of Demodokos (aps arkhesthai, lēgein, terpesthai, kharizesthai)"
"urn:cts:greekLit:tlg0012.tlg002:8.90","urn:cts:ahcip:GregoryNagy.HomerTheClassic:c_2.s_308","transliterating and translating part of the verse","analysis of the restarting of Demodokos’ song, Odysseus’ reaction of dissolving into tears, and the recycling of the sorrowful themes of the first song in the third by way of ring composition"
"urn:cts:greekLit:tlg0012.tlg002:8.90","urn:cts:ahcip:GregoryNagy.HomerTheClassic:c_2.s_309","transliterating and translating part of the verse","analysis of the parallelism of Odysseus’ restarted outpouring of tears and Demodokos’ restarted epic, and of the plot of the epic about the Trojan War as equated with the prophecy of Apollo and the plan of Zeus"
"urn:cts:greekLit:tlg0012.tlg002:8.90","urn:cts:ahcip:GregoryNagy.HomerTheClassic:c_2.s_343","transliterating and translating part of the verse","analysis of the restarting of Demodokos’ song, Odysseus’ reaction of dissolving into tears, the recycling of the sorrowful themes of the first song in the third by way of ring composition, and the metaphor of fluidity associated with the third song of Demodokos"
"urn:cts:greekLit:tlg0012.tlg002:8.91","urn:cts:ahcip:GregoryNagy.HomerTheClassic:c_2.s_305","reference","analysis of the metabasis and the imperative of pleasing the audience in the performance of Demodokos (aps arkhesthai, lēgein, terpesthai, kharizesthai)"
"urn:cts:greekLit:tlg0012.tlg002:8.92","urn:cts:ahcip:GregoryNagy.HomerTheClassic:c_2.s_299","transliterating and translating part of the verse","analysis of the leaving off and restarting of the hymnos in Demodokos’ songs and Odysseus’ reaction of dissolving into tears each time Demodokos restarts"
"urn:cts:greekLit:tlg0012.tlg002:8.92","urn:cts:ahcip:GregoryNagy.HomerTheClassic:c_2.s_308","transliterating and translating part of the verse","analysis of the restarting of Demodokos’ song, Odysseus’ reaction of dissolving into tears, and the recycling of the sorrowful themes of the first song in the third by way of ring composition"
"urn:cts:greekLit:tlg0012.tlg002:8.92","urn:cts:ahcip:GregoryNagy.HomerTheClassic:c_2.s_309","transliterating and translating part of the verse","analysis of the parallelism of Odysseus’ restarted outpouring of tears and Demodokos’ restarted epic, and of the plot of the epic about the Trojan War as equated with the prophecy of Apollo and the plan of Zeus"
"urn:cts:greekLit:tlg0012.tlg002:8.92","urn:cts:ahcip:GregoryNagy.HomerTheClassic:c_2.s_343","transliterating and translating part of the verse","analysis of the restarting of Demodokos’ song, Odysseus’ reaction of dissolving into tears, the recycling of the sorrowful themes of the first song in the third by way of ring composition, and the metaphor of fluidity associated with the third song of Demodokos"
"urn:cts:greekLit:tlg0012.tlg002:8.93-8.95","urn:cts:ahcip:GregoryNagy.HomerTheClassic:c_2.s_301","reference","analysis of the leaving off and restarting of the hymnos in Demodokos’ songs, such that it creates the effect of an endless recycling with no end in sight and Alkinoos’ further deferring of any kind of epic ending"
"urn:cts:greekLit:tlg0012.tlg002:8.94-8.95","urn:cts:ahcip:GregoryNagy.HomerTheClassic:c_2.s_305","reference","analysis of the metabasis and the imperative of pleasing the audience in the performance of Demodokos (aps arkhesthai, lēgein, terpesthai, kharizesthai)"
"urn:cts:greekLit:tlg0012.tlg002:8.96-8.99","urn:cts:ahcip:GregoryNagy.HomerTheClassic:c_2.s_312","reference","analysis of the continuation, displacement of the starting point, and metabasis in Demodokos’ first and third songs"
"urn:cts:greekLit:tlg0012.tlg002:8.98-8.99","urn:cts:ahcip:GregoryNagy.HomerTheClassic:c_2.s_301","reference","analysis of the leaving off and restarting of the hymnos in Demodokos’ songs, such that it creates the effect of an endless recycling with no end in sight and Alkinoos’ further deferring of any kind of epic ending"
"urn:cts:greekLit:tlg0012.tlg002:8.98-8.99","urn:cts:ahcip:GregoryNagy.HomerTheClassic:c_2.s_305","reference","analysis of the metabasis and the imperative of pleasing the audience in the performance of Demodokos (aps arkhesthai, lēgein, terpesthai, kharizesthai)"
"urn:cts:greekLit:tlg0012.tlg002:8.98-8.99","urn:cts:ahcip:GregoryNagy.HomerTheClassic:c_2.s_308","reference","analysis of the restarting of Demodokos’ song, Odysseus’ reaction of dissolving into tears, and the recycling of the sorrowful themes of the first song in the third by way of ring composition"
"urn:cts:greekLit:tlg0012.tlg002:8.98-8.99","urn:cts:ahcip:GregoryNagy.HomerTheClassic:c_2.s_343","reference","analysis of the restarting of Demodokos’ song, Odysseus’ reaction of dissolving into tears, the recycling of the sorrowful themes of the first song in the third by way of ring composition, and the metaphor of fluidity associated with the third song of Demodokos"
"urn:cts:greekLit:tlg0012.tlg002:8.256-8.266","urn:cts:ahcip:GregoryNagy.HomerTheClassic:c_2.s_74.t_24.n_","reference","comment on adopting the reading exarkhontos (Athenaeus 5.180d) at I.18.606, and analysis of the performance scenario implied by it and its resembling Demodokos’ and the two specialized dancers’ performance in these verses"
"urn:cts:greekLit:tlg0012.tlg002:8.267","urn:cts:ahcip:GregoryNagy.HomerTheClassic:c_2.s_321","reference","analysis of the distinctness of the hymnic subjects and of the hymnic prooimia in the second and third songs of Demodokos, and here the naming of Aphrodite and Ares (unlike the unnamed god of the third song)"
"urn:cts:greekLit:tlg0012.tlg002:8.335","urn:cts:ahcip:GregoryNagy.HomerTheClassic:c_2.s_135.n_","reference","verses matching these quoted in the Derveni Papyrus and considered by the commentator as Orphic (Obbink 1997:41n4)"
"urn:cts:greekLit:tlg0012.tlg002:8.368","urn:cts:ahcip:GregoryNagy.HomerTheClassic:c_2.s_308","reference","analysis of the restarting of Demodokos’ song, Odysseus’ reaction of dissolving into tears, and the recycling of the sorrowful themes of the first song in the third by way of ring composition"
"urn:cts:greekLit:tlg0012.tlg002:8.370-8.380","urn:cts:ahcip:GregoryNagy.HomerTheClassic:c_2.s_321","reference","analysis of the distinctness of the hymnic subjects and of the hymnic prooimia in the second and third songs of Demodokos, and here the prooimia leading to virtuoso dancing and singing, respectively"
"urn:cts:greekLit:tlg0012.tlg002:8.429","urn:cts:ahcip:GregoryNagy.HomerTheClassic:c_2.s_93","reference","argument that oimos/oimē/prooimion and humnos derive from roots referring to fabric making, and the metaphors of fabric making for composition of song"
"urn:cts:greekLit:tlg0012.tlg002:8.429","urn:cts:ahcip:GregoryNagy.HomerTheClassic:c_2.s_274.t_85","quoted and translated","Homeric poetry’s referring to itself as humnos, the performance of an ongoing series of songs in the context of a festival"
"urn:cts:greekLit:tlg0012.tlg002:8.429","urn:cts:ahcip:GregoryNagy.HomerTheClassic:c_2.s_276","reference","Homeric poetry’s referring to itself as humnos, the performance of an ongoing series of songs in the context of a festival"
"urn:cts:greekLit:tlg0012.tlg002:8.429","urn:cts:ahcip:GregoryNagy.HomerTheClassic:c_2.s_277","reference","analysis of the three songs of Demodokos as intended for Odysseus and the reception of not only the three songs but also of Homer"
"urn:cts:greekLit:tlg0012.tlg002:8.429","urn:cts:ahcip:GregoryNagy.HomerTheClassic:c_2.s_279","references, translating part of the verse","analysis of humnos in this verse expressing the connectedness of a narrative continuum and the metaphor of weaving a web"
"urn:cts:greekLit:tlg0012.tlg002:8.429","urn:cts:ahcip:GregoryNagy.HomerTheClassic:c_2.s_280","reference","analysis of humnos as conveying the idea of making connections to maintain a narrative continuum, usage parallel in both the Homeric Hymns and the Odyssey (metabainein)"
"urn:cts:greekLit:tlg0012.tlg002:8.429","urn:cts:ahcip:GregoryNagy.HomerTheClassic:c_2.s_290","quoting and translating part of the verse","analysis of the metaphor from weaving a web inherent in the etymology of humnos"
"urn:cts:greekLit:tlg0012.tlg002:8.429","urn:cts:ahcip:GregoryNagy.HomerTheClassic:c_2.s_291","references","analysis of the third song of Demodokos as already started in the first song (in the context of the analysis of the leaving off and restarting of the hymnos in Demodokos’ songs, such that it creates the effect of an endless narrative)"
"urn:cts:greekLit:tlg0012.tlg002:8.429","urn:cts:ahcip:GregoryNagy.HomerTheClassic:c_2.s_302","reference","argument (in Homer the Preclassic) that humnos at this verse refers to all three songs of Demodokos"
"urn:cts:greekLit:tlg0012.tlg002:8.429","urn:cts:ahcip:GregoryNagy.HomerTheClassic:c_2.s_303","reference","analysis of humnos referring not only to the upcoming third song of Demodokos but also to an ongoing humnos signaled by metabasis"
"urn:cts:greekLit:tlg0012.tlg002:8.429","urn:cts:ahcip:GregoryNagy.HomerTheClassic:c_2.s_305","quoted and paraphrased, reference","analysis of the metabasis and the imperative of pleasing the audience in the performance of Demodokos (aps arkhesthai, lēgein, terpesthai, kharizesthai)"
"urn:cts:greekLit:tlg0012.tlg002:8.429","urn:cts:ahcip:GregoryNagy.HomerTheClassic:c_2.s_311","reference","analysis of metabasis achieving the effect of continuity from the first to the third song of Demodokos because he has moved ahead to a new starting point"
"urn:cts:greekLit:tlg0012.tlg002:8.429","urn:cts:ahcip:GregoryNagy.HomerTheClassic:c_2.s_324","references","humnos (here) and metabainein marking Demodokos’ third song as unique in and an exception to the rules of Homeric poetry – typical of the epic Cycle and corresponding to the plot of the Iliou Persis attributed to Arctinus of Miletus"
"urn:cts:greekLit:tlg0012.tlg002:8.429","urn:cts:ahcip:GregoryNagy.HomerTheClassic:c_2.s_328","references","humnos (here) and metabainein marking Demodokos’ third song as unique in and an exception to the rules of Homeric poetry – typical of the epic Cycle and corresponding to the plot of the Iliou Persis attributed to Arctinus of Miletus"
"urn:cts:greekLit:tlg0012.tlg002:8.485-8.498","urn:cts:ahcip:GregoryNagy.HomerTheClassic:c_2.s_280.t_86","quoted and translated","analysis of humnos as conveying the idea of making connections to maintain a narrative continuum, usage parallel in both the Homeric Hymns and the Odyssey (metabainein)"
"urn:cts:greekLit:tlg0012.tlg002:8.485-8.498","urn:cts:ahcip:GregoryNagy.HomerTheClassic:c_2.s_312.t_92","quoted and translated","analysis of the continuation, displacement of the starting point, and metabasis in Demodokos’ first and third songs"
"urn:cts:greekLit:tlg0012.tlg002:8.492","urn:cts:ahcip:GregoryNagy.HomerTheClassic:c_2.s_235.t_76.n_","reference","comparison with Empedocles B 131 in terms of hymnic elements (here, metabasis)"
"urn:cts:greekLit:tlg0012.tlg002:8.492","urn:cts:ahcip:GregoryNagy.HomerTheClassic:c_2.s_281","reference","analysis of metabasis and its activating the hymnic consequent, here metabainein and the epic narrative of the Wooden Horse"
"urn:cts:greekLit:tlg0012.tlg002:8.492","urn:cts:ahcip:GregoryNagy.HomerTheClassic:c_2.s_282","reference","analysis of metabasis and its activating the hymnic consequent, here metabainein and the epic narrative of the Wooden Horse"
"urn:cts:greekLit:tlg0012.tlg002:8.492","urn:cts:ahcip:GregoryNagy.HomerTheClassic:c_2.s_283","reference","analysis of the articulation of the theme of the Wooden Horse in wording that follows the poetic rules for the beginning of an epic, enjambment of dourateos and hippos here compared with oulomenē and mēnis at I.01.001-002"
"urn:cts:greekLit:tlg0012.tlg002:8.492","urn:cts:ahcip:GregoryNagy.HomerTheClassic:c_2.s_303","reference","analysis of humnos referring not only to the upcoming third song of Demodokos but also to an ongoing humnos signaled by metabasis"
"urn:cts:greekLit:tlg0012.tlg002:8.492","urn:cts:ahcip:GregoryNagy.HomerTheClassic:c_2.s_305","reference","analysis of the metabasis and the imperative of pleasing the audience in the performance of Demodokos (aps arkhesthai, lēgein, terpesthai, kharizesthai)"
"urn:cts:greekLit:tlg0012.tlg002:8.492","urn:cts:ahcip:GregoryNagy.HomerTheClassic:c_2.s_311","reference","analysis of metabasis achieving the effect of continuity from the first to the third song of Demodokos because he has moved ahead to a new starting point"
"urn:cts:greekLit:tlg0012.tlg002:8.492","urn:cts:ahcip:GregoryNagy.HomerTheClassic:c_2.s_313","reference","analysis of the starting point and plot for the third song of Demodokos set up by the metabasis and the new prooimion as distinct from those of the first"
"urn:cts:greekLit:tlg0012.tlg002:8.492","urn:cts:ahcip:GregoryNagy.HomerTheClassic:c_2.s_324","reference","humnos and metabainein (here) marking Demodokos’ third song as unique in and an exception to the rules of Homeric poetry – typical of the epic Cycle"
"urn:cts:greekLit:tlg0012.tlg002:8.492-8.495","urn:cts:ahcip:GregoryNagy.HomerTheClassic:c_2.s_312","reference","analysis of the continuation, displacement of the starting point, and metabasis in Demodokos’ first and third songs"
"urn:cts:greekLit:tlg0012.tlg002:8.492-8.495","urn:cts:ahcip:GregoryNagy.HomerTheClassic:c_2.s_313","reference","analysis of the starting point and plot for the third song of Demodokos set up by the metabasis and the new prooimion as distinct from those of the first"
"urn:cts:greekLit:tlg0012.tlg002:8.493","urn:cts:ahcip:GregoryNagy.HomerTheClassic:c_2.s_282","reference","analysis of the metonymy inherent in the name of Epeios the master craftsman of the Wooden Horse, and comparison with the name of Homer"
"urn:cts:greekLit:tlg0012.tlg002:8.493","urn:cts:ahcip:GregoryNagy.HomerTheClassic:c_2.s_283","reference","analysis of the articulation of the theme of the Wooden Horse in wording that follows the poetic rules for the beginning of an epic, enjambment of dourateos and hippos here compared with oulomenē and mēnis at I.01.001-002"
"urn:cts:greekLit:tlg0012.tlg002:8.499","urn:cts:ahcip:GregoryNagy.HomerTheClassic:c_2.s_235.t_76.n_","references","comparison with Empedocles B 131 in terms of hymnic elements (here, phainein, theou arkheto)"
"urn:cts:greekLit:tlg0012.tlg002:8.499","urn:cts:ahcip:GregoryNagy.HomerTheClassic:c_2.s_287","quoting and translating part of the verse, transliterating and translating part of the verse","analysis of the technical language of performing a prooimion and equating the performance of a prooimion to start the projected humnos with starting the weaving of a web (hormētheis)"
"urn:cts:greekLit:tlg0012.tlg002:8.499","urn:cts:ahcip:GregoryNagy.HomerTheClassic:c_2.s_311","reference","analysis of metabasis achieving the effect of continuity from the first to the third song of Demodokos because he has moved ahead to a new starting point"
"urn:cts:greekLit:tlg0012.tlg002:8.499","urn:cts:ahcip:GregoryNagy.HomerTheClassic:c_2.s_320","reference","comment on not naming the god who is the subject of the prooimion (contrast with hymnic subject of Demodokos’ second song)"
"urn:cts:greekLit:tlg0012.tlg002:8.499-8.500","urn:cts:ahcip:GregoryNagy.HomerTheClassic:c_2.s_285.t_87","quoted and translated","analysis of the theology of the humnos as it extends to epic (phainein)"
"urn:cts:greekLit:tlg0012.tlg002:8.499-8.500","urn:cts:ahcip:GregoryNagy.HomerTheClassic:c_2.s_310.t_91","quoted and translated","analysis of metabasis achieving the effect of continuity from the first to the third song of Demodokos because he has moved ahead to a new starting point"
"urn:cts:greekLit:tlg0012.tlg002:8.499-8.500","urn:cts:ahcip:GregoryNagy.HomerTheClassic:c_2.s_313.t_93","quoted and translated","analysis of the starting point and plot for the third song of Demodokos set up by the metabasis and the new prooimion as distinct from those of the first"
"urn:cts:greekLit:tlg0012.tlg002:8.499-8.533","urn:cts:ahcip:GregoryNagy.HomerTheClassic:c_2.s_329.t_95","quoted and translated","Demodokos’ third song as unique in and an exception to the rules of Homeric poetry – typical of the epic Cycle and corresponding to the plot of the Iliou Persis attributed to Arctinus of Miletus"
"urn:cts:greekLit:tlg0012.tlg002:8.500-8.520","urn:cts:ahcip:GregoryNagy.HomerTheClassic:c_2.s_288","reference","comment on Demodokos’ performing the equivalent of an Iliou Persis in these verses"
"urn:cts:greekLit:tlg0012.tlg002:8.504-8.512","urn:cts:ahcip:GregoryNagy.HomerTheClassic:c_1.s_119","reference","analysis of the revenge of Athena against the Achaeans, in the context of analyzing the story of the Wooden Horse, and Laöcoon in the Aeneid"
"urn:cts:greekLit:tlg0012.tlg002:8.504-8.512","urn:cts:ahcip:GregoryNagy.HomerTheClassic:c_1.s_119.t_20","quoted and translated","analysis of the revenge of Athena against the Achaeans, in the context of analyzing the story of the Wooden Horse, and Laöcoon in the Aeneid"
"urn:cts:greekLit:tlg0012.tlg002:8.509","urn:cts:ahcip:GregoryNagy.HomerTheClassic:c_1.s_121","reference","analysis of the Wooden Horse as a thelktērion"
"urn:cts:greekLit:tlg0012.tlg002:8.509","urn:cts:ahcip:GregoryNagy.HomerTheClassic:c_1.s_122","reference","analysis of the Wooden Horse as a work of art, made as a permanent work of verbal art"
"urn:cts:greekLit:tlg0012.tlg002:8.509","urn:cts:ahcip:GregoryNagy.HomerTheClassic:c_1.s_123","reference","the story of the Wooden Horse in Virgil’s Aeneid as affirming not only the tradition of the epic Cycle but also of Homer the Classic"
"urn:cts:greekLit:tlg0012.tlg002:8.510","urn:cts:ahcip:GregoryNagy.HomerTheClassic:c_1.s_120","reference","analysis of the three alternative actions the Trojans can take with regard to the Wooden Horse, and telein and mellein here signaling the connection of the third alternative, leaving the Horse within Troy, to the plot of the Troy story"
"urn:cts:greekLit:tlg0012.tlg002:8.510-8.512","urn:cts:ahcip:GregoryNagy.HomerTheClassic:c_1.s_120","references","analysis of the three alternative actions the Trojans can take with regard to the Wooden Horse, and telein and mellein here signaling the connection of the third alternative, leaving the Horse within Troy, to the plot of the Troy story"
"urn:cts:greekLit:tlg0012.tlg002:8.520","urn:cts:ahcip:GregoryNagy.HomerTheClassic:c_4.s_109","paraphrased","analysis of Zeus’ role in awarding nikē as primary and Athena’s as secondary"
"urn:cts:greekLit:tlg0012.tlg002:8.521-8.530","urn:cts:ahcip:GregoryNagy.HomerTheClassic:c_2.s_337.t_97","quoted and translated","analysis of the simile comparing Odysseus to a captive woman weeping over her dead husband as screening out what would have come next in Demodokos’ third song, i.e. Andromache’s sorrows"
"urn:cts:greekLit:tlg0012.tlg002:8.522","urn:cts:ahcip:GregoryNagy.HomerTheClassic:c_2.s_256.n_","reference","in a list of examples of tēkesthai in the context of sadness"
"urn:cts:greekLit:tlg0012.tlg002:8.522","urn:cts:ahcip:GregoryNagy.HomerTheClassic:c_2.s_308","reference","analysis of the restarting of Demodokos’ song, Odysseus’ reaction of dissolving into tears, and the recycling of the sorrowful themes of the first song in the third by way of ring composition"
"urn:cts:greekLit:tlg0012.tlg002:8.522","urn:cts:ahcip:GregoryNagy.HomerTheClassic:c_2.s_343","references","analysis of the restarting of Demodokos’ song, Odysseus’ reaction of dissolving into tears, the recycling of the sorrowful themes of the first song in the third by way of ring composition, and the metaphor of fluidity associated with the third song of Demodokos"
"urn:cts:greekLit:tlg0012.tlg002:8.522","urn:cts:ahcip:GregoryNagy.HomerTheClassic:c_2.s_344","reference","analysis of the metaphor of fluidity associated with the third song of Demodokos and here comparison of the simile comparing Odysseus to a captive woman weeping over her dead husband and Andromache"
"urn:cts:greekLit:tlg0012.tlg002:8.523","urn:cts:ahcip:GregoryNagy.HomerTheClassic:c_2.s_256.n_","reference","in a list of examples of tēkesthai in the context of sadness"
"urn:cts:greekLit:tlg0012.tlg002:8.523","urn:cts:ahcip:GregoryNagy.HomerTheClassic:c_2.s_344","reference","analysis of the metaphor of fluidity associated with the third song of Demodokos and here comparison of the simile comparing Odysseus to a captive woman weeping over her dead husband and Andromache"
"urn:cts:greekLit:tlg0012.tlg002:8.527","urn:cts:ahcip:GregoryNagy.HomerTheClassic:c_1.s_8.t_1.n_","reference","comparison of the amphi- of amphi-khumenē with amphi-akhuia at I.02.316"
"urn:cts:greekLit:tlg0012.tlg002:8.527","urn:cts:ahcip:GregoryNagy.HomerTheClassic:c_2.s_256.n_","reference","in a list of examples of tēkesthai in the context of sadness"
"urn:cts:greekLit:tlg0012.tlg002:8.527","urn:cts:ahcip:GregoryNagy.HomerTheClassic:c_2.s_344","reference","analysis of the metaphor of fluidity associated with the third song of Demodokos and here comparison of the simile comparing Odysseus to a captive woman weeping over her dead husband and Andromache"
"urn:cts:greekLit:tlg0012.tlg002:8.527","urn:cts:ahcip:GregoryNagy.HomerTheClassic:c_2.s_344.n_","transliterating and translating part of the verse","comparison of amphi … khumenē here with amphikhuteis at O.16214"
"urn:cts:greekLit:tlg0012.tlg002:8.530","urn:cts:ahcip:GregoryNagy.HomerTheClassic:c_2.s_306","reference","analysis of the description of Odysseus as experiencing akhos when he hears Demodokos’ third song as signaling the form of the epic as that of the Cycle"
"urn:cts:greekLit:tlg0012.tlg002:8.531","urn:cts:ahcip:GregoryNagy.HomerTheClassic:c_2.s_308","reference","analysis of the restarting of Demodokos’ song, Odysseus’ reaction of dissolving into tears, and the recycling of the sorrowful themes of the first song in the third by way of ring composition"
"urn:cts:greekLit:tlg0012.tlg002:8.531","urn:cts:ahcip:GregoryNagy.HomerTheClassic:c_2.s_343","references","analysis of the restarting of Demodokos’ song, Odysseus’ reaction of dissolving into tears, the recycling of the sorrowful themes of the first song in the third by way of ring composition, and the metaphor of fluidity associated with the third song of Demodokos"
"urn:cts:greekLit:tlg0012.tlg002:8.532-8.533","urn:cts:ahcip:GregoryNagy.HomerTheClassic:c_2.s_305","reference","analysis of the metabasis and the imperative of pleasing the audience in the performance of Demodokos (aps arkhesthai, lēgein, terpesthai, kharizesthai)"
"urn:cts:greekLit:tlg0012.tlg002:8.537","urn:cts:ahcip:GregoryNagy.HomerTheClassic:c_2.s_305","reference","analysis of the metabasis and the imperative of pleasing the audience in the performance of Demodokos (aps arkhesthai, lēgein, terpesthai, kharizesthai)"
"urn:cts:greekLit:tlg0012.tlg002:8.538","urn:cts:ahcip:GregoryNagy.HomerTheClassic:c_2.s_305","reference","analysis of the metabasis and the imperative of pleasing the audience in the performance of Demodokos (aps arkhesthai, lēgein, terpesthai, kharizesthai)"
"urn:cts:greekLit:tlg0012.tlg002:8.541","urn:cts:ahcip:GregoryNagy.HomerTheClassic:c_2.s_306","reference","analysis of the description of Odysseus as experiencing akhos when he hears Demodokos’ third song as signaling the form of the epic as that of the Cycle"
"urn:cts:greekLit:tlg0012.tlg002:8.542","urn:cts:ahcip:GregoryNagy.HomerTheClassic:c_2.s_305","reference","analysis of the metabasis and the imperative of pleasing the audience in the performance of Demodokos (aps arkhesthai, lēgein, terpesthai, kharizesthai)"
"urn:cts:greekLit:tlg0012.tlg002:11.201","urn:cts:ahcip:GregoryNagy.HomerTheClassic:c_2.s_256.n_","reference","analysis of tēkesthai, here example of tēkesthai in contexts of illness"
"urn:cts:greekLit:tlg0012.tlg002:11.544","urn:cts:ahcip:GregoryNagy.HomerTheClassic:c_4.s_109","paraphrased","analysis of Zeus’ role in awarding nikē as primary and Athena’s as secondary"
"urn:cts:greekLit:tlg0012.tlg002:11.548","urn:cts:ahcip:GregoryNagy.HomerTheClassic:c_4.s_109","paraphrased","analysis of Zeus’ role in awarding nikē as primary and Athena’s as secondary"
"urn:cts:greekLit:tlg0012.tlg002:11.568-11.571","urn:cts:ahcip:GregoryNagy.HomerTheClassic:c_3.s_109.t_17","quoted and translated","analysis of Plato’s vision of Hippias as matching the Homeric vision of Minos (as in this passage)"
"urn:cts:greekLit:tlg0012.tlg002:11.568-11.571","urn:cts:ahcip:GregoryNagy.HomerTheClassic:c_3.s_110","reference","comparison of the representation of Minos and Zeus in the context of comparing Plato’s Hippias to Minos"
"urn:cts:greekLit:tlg0012.tlg002:11.568-11.571","urn:cts:ahcip:GregoryNagy.HomerTheClassic:c_4.s_136.t_28","quoted and translated","comparison of the representation of Minos and Zeus in the context of comparing Plato’s Hippias to Minos"
"urn:cts:greekLit:tlg0012.tlg002:11.582","urn:cts:ahcip:GregoryNagy.HomerTheClassic:c_3.s_8107","reference","analysis of the Homeric images conjured in descriptions of Prodicus (Odysseus’ seeing Tantalos in Hades, in this verse) and Hippias (Odysseus’ seeing Herakles) in Plato Protagoras 315b-316a"
"urn:cts:greekLit:tlg0012.tlg002:11.601","urn:cts:ahcip:GregoryNagy.HomerTheClassic:c_3.s_107","reference","analysis of the Homeric images conjured in descriptions of Prodicus (Odysseus’ seeing Tantalos in Hades) and Hippias (Odysseus’ seeing Herakles, in this verse) in Plato Protagoras 315b-316a"
"urn:cts:greekLit:tlg0012.tlg002:13.27-13.28","urn:cts:ahcip:GregoryNagy.HomerTheClassic:c_2.s_74.t_24.n_","quoted and translated","comment on and analysis of the reading adopted at I.18.604-605 (Wolf 1804) and the manuscript traditions, and Aristarchus’ preferred reading for I.18.604-605 and these verses in the Odyssey"
"urn:cts:greekLit:tlg0012.tlg002:13.152","urn:cts:ahcip:GregoryNagy.HomerTheClassic:c_C.s_5","reference","analysis of a difference in theme between the Koine and Homerus Auctus, regarding the Phaeacians' being sealed off from the world or not (poetics and politics) [MRBTP: scholia]"
"urn:cts:greekLit:tlg0012.tlg002:13.158","urn:cts:ahcip:GregoryNagy.HomerTheClassic:c_C.s_5","reference, quoted and translated","analysis of a difference in theme between the Koine and Homerus Auctus, regarding the Phaeacians' being sealed off from the world or not (poetics and politics)"
"urn:cts:greekLit:tlg0012.tlg002:13.160-13.164","urn:cts:ahcip:GregoryNagy.HomerTheClassic:c_1.s_19.n_","reference","comment on the petrification of the ship of the Phaeacians’’’’’’’’’’’’’’’’’’’’’’’’’’’’’’’’’’’’’’’’’’’’’’’’’’’’’’ as the premier example of landmark poetics involving the theme of petrification (in the context of analyzing the petrified serpent in I.02)"
"urn:cts:greekLit:tlg0012.tlg002:13.228","urn:cts:ahcip:GregoryNagy.HomerTheClassic:c_P.s_127.t_8","quoting part of the verse","analysis of EPEISE read as epei sé (non-enclitic) as opposed to epei se (enclitic), according to Herodian"
"urn:cts:greekLit:tlg0012.tlg002:13.228","urn:cts:ahcip:GregoryNagy.HomerTheClassic:c_P.s_146.t_22","quoting part of the verse","analysis of EPEISE read as epei sé (non-enclitic) as opposed to epei se (enclitic), according to Herodian"
"urn:cts:greekLit:tlg0012.tlg002:13.363","urn:cts:ahcip:GregoryNagy.HomerTheClassic:c_C.s_7.n_","reference","comment on the identification of the historical Ithaca with Odysseus’ homeland, especially the “Cave of the Nymphs,” in the context of analyzing the poetics and politics of the Phaeacians’’’’’’’’’’’’’’’’’’’’’’’’’’’’’’’’’’’’’’’’’’’’’’’’’’’’’’ being sealed off from the world or not"
"urn:cts:greekLit:tlg0012.tlg002:15.277","urn:cts:ahcip:GregoryNagy.HomerTheClassic:c_P.s_127.t_8","quoting part of the verse","analysis of EPEISE read as epei sé (non-enclitic) as opposed to epei se (enclitic), according to Herodian"
"urn:cts:greekLit:tlg0012.tlg002:15.277","urn:cts:ahcip:GregoryNagy.HomerTheClassic:c_P.s_146.t_22","quoting part of the verse","analysis of EPEISE read as epei sé (non-enclitic) as opposed to epei se (enclitic), according to Herodian"
"urn:cts:greekLit:tlg0012.tlg002:16.214","urn:cts:ahcip:GregoryNagy.HomerTheClassic:c_2.s_344.n_","quoting, transliterating and translating part of the verse","comparison of amphi … khumenē at O.08.527 with amphikhuteis here"
"urn:cts:greekLit:tlg0012.tlg002:17.160","urn:cts:ahcip:GregoryNagy.HomerTheClassic:c_P.s_53","reference to scholia","analysis of the numerus versuum, its singularity and emergence from the koinai texts, which tended to conform to such a fixed verse count whereas the khariesterai did not [MRBTP: scholia]"
"urn:cts:greekLit:tlg0012.tlg002:17.262","urn:cts:ahcip:GregoryNagy.HomerTheClassic:c_3.s_41","reference","analysis of the prototypical rhapsode Phemios as matching a singing Homer as envisioned in Homeric poetry, and contrast with the generic rhapsode of Plato’s day and with Orpheus the ‘citharode’ in the context of Plato Ion"
"urn:cts:greekLit:tlg0012.tlg002:17.521","urn:cts:ahcip:GregoryNagy.HomerTheClassic:c_1.s_121","reference","thelgein effected through the beauty and pleasure of poetry, in the context of the analysis of the Wooden Horse as a thelktērion"
"urn:cts:greekLit:tlg0012.tlg002:19.136","urn:cts:ahcip:GregoryNagy.HomerTheClassic:c_2.s_256.n_","reference","analysis of tēkesthai, here example of tēkesthai in contexts of sadness"
"urn:cts:greekLit:tlg0012.tlg002:19.204","urn:cts:ahcip:GregoryNagy.HomerTheClassic:c_2.s_255","references","analysis of tēkesthai as having to do with liquefaction (‘dissolve’), and Penelope’s dissolving in sadness compared to the dissolving of snow"
"urn:cts:greekLit:tlg0012.tlg002:19.204","urn:cts:ahcip:GregoryNagy.HomerTheClassic:c_2.s_255.n_","references","analysis of tēkesthai as having to do with liquefaction (‘dissolve’), and Penelope’s dissolving in sadness compared to the dissolving of snow"
"urn:cts:greekLit:tlg0012.tlg002:19.205","urn:cts:ahcip:GregoryNagy.HomerTheClassic:c_2.s_255","references","analysis of tēkesthai as having to do with liquefaction (‘dissolve’), and Penelope’s dissolving in sadness compared to the dissolving of snow"
"urn:cts:greekLit:tlg0012.tlg002:19.206","urn:cts:ahcip:GregoryNagy.HomerTheClassic:c_2.s_255","references","analysis of tēkesthai as having to do with liquefaction (‘dissolve’), and Penelope’s dissolving in sadness compared to the dissolving of snow"
"urn:cts:greekLit:tlg0012.tlg002:19.207","urn:cts:ahcip:GregoryNagy.HomerTheClassic:c_2.s_255","references","analysis of tēkesthai as having to do with liquefaction (‘dissolve’), and Penelope’s dissolving in sadness compared to the dissolving of snow"
"urn:cts:greekLit:tlg0012.tlg002:19.208","urn:cts:ahcip:GregoryNagy.HomerTheClassic:c_2.s_255","references","analysis of tēkesthai as having to do with liquefaction (‘dissolve’), and Penelope’s dissolving in sadness compared to the dissolving of snow"
"urn:cts:greekLit:tlg0012.tlg002:19.208","urn:cts:ahcip:GregoryNagy.HomerTheClassic:c_2.s_255.n_","references","analysis of tēkesthai as having to do with liquefaction (‘dissolve’), and Penelope’s dissolving in sadness compared to the dissolving of snow"
"urn:cts:greekLit:tlg0012.tlg002:19.264","urn:cts:ahcip:GregoryNagy.HomerTheClassic:c_2.s_256.n_","reference","analysis of tēkesthai, here example of tēkesthai in contexts of sadness"
"urn:cts:greekLit:tlg0012.tlg002:19.547","urn:cts:ahcip:GregoryNagy.HomerTheClassic:c_1.s_63","reference","analysis of the usages of telein in imperfective and perfective tenses as indicating whether the narrative is still in progress or considered a finished composition"
"urn:cts:greekLit:tlg0012.tlg002:22.165","urn:cts:ahcip:GregoryNagy.HomerTheClassic:c_1.s_27.n_","reference","comment on aidēlos meaning ‘invisible’ attested also in the figurative sense of morally ‘inconspicuous, undistinguished’, as here"
"urn:cts:greekLit:tlg0012.tlg002:22.330","urn:cts:ahcip:GregoryNagy.HomerTheClassic:c_3.s_41","reference","analysis of the prototypical rhapsode Phemios as matching a singing Homer as envisioned in Homeric poetry, and contrast with the generic rhapsode of Plato’s day and with Orpheus the ‘citharode’ in the context of Plato Ion"
"urn:cts:greekLit:tlg0012.tlg002:22.331","urn:cts:ahcip:GregoryNagy.HomerTheClassic:c_3.s_41","reference","analysis of the prototypical rhapsode Phemios as matching a singing Homer as envisioned in Homeric poetry, and contrast with the generic rhapsode of Plato’s day and with Orpheus the ‘citharode’ in the context of Plato Ion"
"urn:cts:greekLit:tlg0012.tlg002:22.332","urn:cts:ahcip:GregoryNagy.HomerTheClassic:c_3.s_41","reference","analysis of the prototypical rhapsode Phemios as matching a singing Homer as envisioned in Homeric poetry, and contrast with the generic rhapsode of Plato’s day and with Orpheus the ‘citharode’ in the context of Plato Ion"
"urn:cts:greekLit:tlg0012.tlg002:22.340","urn:cts:ahcip:GregoryNagy.HomerTheClassic:c_3.s_41","reference","analysis of the prototypical rhapsode Phemios as matching a singing Homer as envisioned in Homeric poetry, and contrast with the generic rhapsode of Plato’s day and with Orpheus the ‘citharode’ in the context of Plato Ion"
"urn:cts:greekLit:tlg0012.tlg002:22.345","urn:cts:ahcip:GregoryNagy.HomerTheClassic:c_3.s_41","reference","analysis of the prototypical rhapsode Phemios as matching a singing Homer as envisioned in Homeric poetry, and contrast with the generic rhapsode of Plato’s day and with Orpheus the ‘citharode’ in the context of Plato Ion"
"urn:cts:greekLit:tlg0012.tlg002:22.346","urn:cts:ahcip:GregoryNagy.HomerTheClassic:c_3.s_41","reference","analysis of the prototypical rhapsode Phemios as matching a singing Homer as envisioned in Homeric poetry, and contrast with the generic rhapsode of Plato’s day and with Orpheus the ‘citharode’ in the context of Plato Ion"
"urn:cts:greekLit:tlg0012.tlg002:22.347","urn:cts:ahcip:GregoryNagy.HomerTheClassic:c_2.s_92.n_","reference","example of where oimē can be translated as ‘song’ in the context of analyzing the meanings of prooimion, oimos, oimē"
"urn:cts:greekLit:tlg0012.tlg002:22.348","urn:cts:ahcip:GregoryNagy.HomerTheClassic:c_3.s_41","reference","analysis of the prototypical rhapsode Phemios as matching a singing Homer as envisioned in Homeric poetry, and contrast with the generic rhapsode of Plato’s day and with Orpheus the ‘citharode’ in the context of Plato Ion"
"urn:cts:greekLit:tlg0012.tlg002:22.376","urn:cts:ahcip:GregoryNagy.HomerTheClassic:c_3.s_41","reference","analysis of the prototypical rhapsode Phemios as matching a singing Homer as envisioned in Homeric poetry, and contrast with the generic rhapsode of Plato’s day and with Orpheus the ‘citharode’ in the context of Plato Ion"
"urn:cts:greekLit:tlg0012.tlg002:22.498","urn:cts:ahcip:GregoryNagy.HomerTheClassic:c_2.s_344.n_","reference","in the context of the comparison of amphi … khumenē at O.08.527 with amphikhuteis at O.16.214, this verse about Telemachus ‘pouring tears’ as he embraces his father"
"urn:cts:greekLit:tlg0012.tlg002:22.501","urn:cts:ahcip:GregoryNagy.HomerTheClassic:c_2.s_344.n_","reference","in the context of the comparison of amphi … khumenē at O.08.527 with amphikhuteis at O.16.214, this verse about Telemachus ‘pouring tears’ as he embraces his father"
"urn:cts:greekLit:tlg0012.tlg002:23.246","urn:cts:ahcip:GregoryNagy.HomerTheClassic:c_1.s_147","reference","analysis of the pattern of a single divinity as a goddess’ son but as twins her chariot team, here Eos’ son Phaethōn but divine chariot team of twin horses Phaethōn and Lampos (in the context of analyzing the relationship of Athena Parthenos and her single serpent/Erikhthonios and chariot team of twin serpents)"
"urn:cts:greekLit:tlg0012.tlg002:24.3","urn:cts:ahcip:GregoryNagy.HomerTheClassic:c_1.s_121","reference","eyes as direct object of thelgein, in the context of analyzing thelgein and the Wooden Horse"
