"urn:cts:greekLit:tlg0012.tlg002:19.518-19.523","urn:cts:ahcip:GregoryNagy.PoetryAsPerformance:s_7-s_10","quoted and translated","analysis of variant reading poludeukéa, the meaning of which is unclear, for poluēkhéa at verse 521, reported by Aelian De natura animalium 5.38. Argues that neither variation retains the original verse. Instead, the word and its latent meaning preserve the traditional multiformity of the oral poetic tradition, in which each performance is authoritative and original. Compares to Zumthor’s conception of mouvance (Zumthor 1972.73)"
"urn:cts:greekLit:tlg0012.tlg002:19.518-19.523","urn:cts:ahcip:GregoryNagy.PoetryAsPerformance:s_32-s_37","reference","analysis of variant reading poludeukéa, the meaning of which is unclear, for poluēkhéa at verse 521, reported by Aelian De natura animalium 5.38. poludeukéa has an archaic meaning not fully understood by Aelian, which captures the essence of continuity in variation. Discusses the link between mouvance and the troubadour tradition as it embodied in the meaning of trōposa at verse 521"
"urn:cts:greekLit:tlg0012.tlg002:19.518-19.523","urn:cts:ahcip:GregoryNagy.PoetryAsPerformance:s_39","partially quoted and translated","analysis of mimesis as re-enactment as key to understanding the precise meaning of the epithet poluēkhéa "
"urn:cts:greekLit:tlg0012.tlg002:19.518-19.523","urn:cts:ahcip:GregoryNagy.PoetryAsPerformance:s_41-s_51","partially quoted and translated","analysis of mimesis as re-enactment as key to understanding the precise meaning of the epithet poluēkhéa. "
"urn:cts:greekLit:tlg0012.tlg002:19.518-19.523","urn:cts:ahcip:GregoryNagy.PoetryAsPerformance:s_42.n_8","reference","analysis of scholia V at Od. XIX.521, which explain poluēkhéa as pollàs metabolàs poiouménēn, “making many changes.” The same word appears at Il. IV.442 as epithet of aigialós, “beach.” Suggests the translation “resounding many ways” best explains poluēkhéa"
"urn:cts:greekLit:tlg0012.tlg002:19.518-19.523","urn:cts:ahcip:GregoryNagy.PoetryAsPerformance:s_49.n_28","reference","reference to fact that the nightingale khéei “pours forth” her poludeukéa "
"urn:cts:greekLit:tlg0012.tlg002:19.518-19.523","urn:cts:ahcip:GregoryNagy.PoetryAsPerformance:s_59-s_60","reference","analysis of poluēkhéa as an epithet for Homer and the oral poetic tradition. The nightingale is a model for the performers who model their identity on Homer. See Hesiod Works and Days 202-212 for an example of the nightingale as a model for the poet"
"urn:cts:greekLit:tlg0012.tlg002:19.518-19.523","urn:cts:ahcip:GregoryNagy.PoetryAsPerformance:s_86","[MRBTP: missing]","analysis of the lament of the nightingale as an epic re-enactment of lyric"
"urn:cts:greekLit:tlg0012.tlg002:19.518-19.523","urn:cts:ahcip:GregoryNagy.PoetryAsPerformance:s_103","reference","analysis of multiformity, poludeukḗs “patterning in different ways” as a key concept for understanding poetry as performance in ancient Greece"
"urn:cts:greekLit:tlg0012.tlg002:19.518-19.523","urn:cts:ahcip:GregoryNagy.PoetryAsPerformance:s_107","reference","analysis of multiformity, poludeukḗs “patterning in different ways” as a key concept for understanding poetry as performance in ancient Greece"
"urn:cts:greekLit:tlg0013.tlg019:18","urn:cts:ahcip:GregoryNagy.PoetryAsPerformance:s_35.n_96","reference","example of the nightingale as a singer of lament (thrênos)"
"urn:cts:greekLit:tlg0012.tlg002:14.337","urn:cts:ahcip:GregoryNagy.PoetryAsPerformance:s_43","reference","endukéōs is here associated with the notion of an uninterrupted sequence. Also see Od. XIV.305, Od. XV.491, Od. XIV.111, Od. XVII.111, Od. XIV.390, Homeric Hymn 26.4, Od. 10.65. There are sinister implications here concerning any interruption of the journey as a sequence, a continuum. Contrast with adeukḗs, which implies an interrupted sequence Od. IX.489, Od. X.245, Od. VI.273, Od. XV.305, Od. XV.491, Od. XIV.111, Od. XVII.111, Od. XIV.390, Od. X.65"
"urn:cts:greekLit:tlg0012.tlg002:14.333","urn:cts:ahcip:GregoryNagy.PoetryAsPerformance:s_43","reference","endukéōs is here associated with the notion of an uninterrupted sequence. Also see Od. XIV.305, Od. XV.491, Od. XIV.111, Od. XVII.111, Od. XIV.390, Homeric Hymn 26.4, Od. 10.65. There are sinister implications here concerning any interruption of the journey as a sequence, a continuum. Contrast with adeukḗs, which implies an interrupted sequence Od. IX.489, Od. X.245, Od. VI.273, Od. XV.305, Od. XV.491, Od. XIV.111, Od. XVII.111, Od. XIV.390, Od. X.65"
"urn:cts:greekLit:tlg0012.tlg002:14.334","urn:cts:ahcip:GregoryNagy.PoetryAsPerformance:s_43","reference","endukéōs is here associated with the notion of an uninterrupted sequence. Also see Od. XIV.305, Od. XV.491, Od. XIV.111, Od. XVII.111, Od. XIV.390, Homeric Hymn 26.4, Od. 10.65. There are sinister implications here concerning any interruption of the journey as a sequence, a continuum. Contrast with adeukḗs, which implies an interrupted sequence Od. IX.489, Od. X.245, Od. VI.273, Od. XV.305, Od. XV.491, Od. XIV.111, Od. XVII.111, Od. XIV.390, Od. X.65"
"urn:cts:greekLit:tlg0012.tlg002:14.338","urn:cts:ahcip:GregoryNagy.PoetryAsPerformance:s_43","reference","endukéōs is here associated with the notion of an uninterrupted sequence. Also see Od. XIV.305, Od. XV.491, Od. XIV.111, Od. XVII.111, Od. XIV.390, Homeric Hymn 26.4, Od. 10.65. There are sinister implications here concerning any interruption of the journey as a sequence, a continuum. Contrast with adeukḗs, which implies an interrupted sequence Od. IX.489, Od. X.245, Od. VI.273, Od. XV.305, Od. XV.491, Od. XIV.111, Od. XVII.111, Od. XIV.390, Od. X.65"
"urn:cts:greekLit:tlg0012.tlg001:24.438","urn:cts:ahcip:GregoryNagy.PoetryAsPerformance:s_43","partially quoted and translated","cited as examples when endukéōs is associated with the notion of an uninterrupted sequence. Hermes accompanies Priam endukéōs. A successful journey is pictured as sequence, a continuum. Contrast with adeukḗs, which implies an interrupted sequence. See Od.IX.489, Od.X.245, Od.VI.273"
"urn:cts:greekLit:tlg0012.tlg002:4.489","urn:cts:ahcip:GregoryNagy.PoetryAsPerformance:s_44","partially quoted and translated","adeukḗs occurs in contexts referring to an interrupted sequence. See Od. X.245, Od. VI.273. Thus, adeukḗs here modifies ólethros, the doom, which destroys the ship"
"urn:cts:greekLit:tlg0012.tlg002:10.245","urn:cts:ahcip:GregoryNagy.PoetryAsPerformance:s_44","partially quoted and translated","adeukḗs occurs in contexts referring to an interrupted sequence. See Od. IX.489, Od. VI.273. The fate, pótmos, of Odysseus’ companions is adeukḗs because they have been turned into swine and their journey home has been interrupted."
"urn:cts:greekLit:tlg0012.tlg002:6.273","urn:cts:ahcip:GregoryNagy.PoetryAsPerformance:s_44","partially quoted and translated","adeukḗs occurs in contexts referring to an interrupted sequence. Nausikaa worrys that the Phaeacians may make the kind of utterance, phêmis, that is adeukḗs for her reputation. Good reputation is conceived as a steady stream of speech, the interruption of which threatens to produce a bad reputation"
"urn:cts:greekLit:tlg0012.tlg002:15.305","urn:cts:ahcip:GregoryNagy.PoetryAsPerformance:s_44","partially quoted and translated","endukéōs, which is associated with the notion of an uninterrupted sequence [see Od. XIV.337, Od. XIV.334, Od. XIV.338, Od. IX.489, Od. X.245, Od. VI.273, Od. XV.491, Od. XIV.111, Od. XVII.111, Od. XIV.390, Od. X.65], also implies a ritualized continuity"
"urn:cts:greekLit:tlg0012.tlg002:15.491","urn:cts:ahcip:GregoryNagy.PoetryAsPerformance:s_44","reference","analysis of endukéōs, which here refers to the steady flow of food and drink provided by the master of the house. Coupled with philéoi. Generally associated with the notion of an uninterrupted sequence. See Od. XIV.337, Od. XIV.334, Od. XIV.338, Od. IX.489, Od. X.245, Od. VI.273 Od. XV.305, Od. XIV.111, Od. XVII.111, Od. XIV.390, Od. X.65"
"urn:cts:greekLit:tlg0012.tlg002:14.111","urn:cts:ahcip:GregoryNagy.PoetryAsPerformance:s_44","reference","analysis of Odysseus’ eating as a guest described as endukéōs. Coupled with philéōn. Generally associated with the notion of an uninterrupted sequence. See Od. XIV.337, Od. XIV.334, Od. XIV.338, Od. IX.489, Od. X.245, Od. VI.273, Od. XV.305, Od. XVII.111, Od. XIV.390, Od. X.65, Od. XV.491"
"urn:cts:greekLit:tlg0012.tlg002:17.111","urn:cts:ahcip:GregoryNagy.PoetryAsPerformance:s_44","reference","analysis of Telemachus’ saying Nestor as a host ephílei ‘loved’ him endukéōs, treating him as if he had been a son who had just returned after an absence. Here the status of the child as dependent has been interrupted, but the love of the father has not. endukéōs is generally associated with the notion of an uninterrupted sequence. See Od. XIV.337, Od. XIV.334, Od. XIV.338, Od. XIV.111, Od. IX.489, Od. X.245, Od. VI.273, Od. XV.305, Od. XVII.111, Od. XVII.113, Od. XIV.390, Od. X.65, Od. XV.491"
"urn:cts:greekLit:tlg0012.tlg002:17.113","urn:cts:ahcip:GregoryNagy.PoetryAsPerformance:s_44","reference","analysis of Telemachus’ saying Nestor as a host ephílei ‘loved’ him endukéōs, treating him as if he had been a son who had just returned after an absence. Here the status of the child as dependent has been interrupted, but the love of the father has not. endukéōs is generally associated with the notion of an uninterrupted sequence. See Od. XIV.337, Od. XIV.334, Od. XIV.338, Od. XIV.111, Od. IX.489, Od. X.245, Od. VI.273, Od. XV.305, Od. XVII.111, Od. XVII.113, Od. XIV.390, Od. X.65, Od. XV.491"
"urn:cts:greekLit:tlg0012.tlg002:1.146","urn:cts:ahcip:GregoryNagy.PoetryAsPerformance:s_44.n_11","reference","reference to the possibility of a variant endukéōs is generally associated with the notion of an uninterrupted sequence. See Od. XIV.337, Od. XIV.334, Od. XIV.338, Od. XIV.111, Od. IX.489, Od. X.245, Od. VI.273, Od. XV.305, Od. XVII.111, Od. XVII.113, Od. XIV.390, Od. X.65, Od. XV.491"
"urn:cts:greekLit:tlg0012.tlg002:14.390","urn:cts:ahcip:GregoryNagy.PoetryAsPerformance:s_45","reference","reference to the fact that here the old woman takes care of the old man endukéōs. endukéōs is generally associated with the notion of an uninterrupted sequence. See Od. XIV.337, Od. XIV.334, Od. XIV.338, Od. XIV.111, Od. IX.489, Od. X.245, Od. VI.273, Od. XV.305, Od. XVII.111, Od. XVII.113, Od. XIV.390, Od. X.65, Od. XV.491"
"urn:cts:greekLit:tlg0012.tlg002:10.65","urn:cts:ahcip:GregoryNagy.PoetryAsPerformance:s_45","reference","Aeolus, god of the winds, tells Odysseus he is sending him off endukéōs, so that the hero could reach home. endukéōs is generally associated with the notion of an uninterrupted sequence. See Od. XIV.337, Od. XIV.334, Od. XIV.338, Od. XIV.111, Od. IX.489, Od. X.245, Od. VI.273, Od. XV.305, Od. XVII.111, Od. XVII.113, Od. XIV.390, Od. X.65, Od. XV.491"
"urn:cts:greekLit:tlg0013.tlg026:4","urn:cts:ahcip:GregoryNagy.PoetryAsPerformance:s_45","reference","the Nymphs raised the infant Dionysius in Nysa endukéōs. endukéōs is generally associated with the notion of an uninterrupted sequence. See Od. XIV.337, Od. XIV.334, Od. XIV.338, Od. XIV.111, Od. IX.489, Od. X.245, Od. VI.273, Od. XV.305, Od. XVII.111, Od. XVII.113, Od. XIV.390, Od. X.65, Od. XV.491"
"urn:cts:greekLit:tlg0012.tlg002:15.490-15.491","urn:cts:ahcip:GregoryNagy.PoetryAsPerformance:s_45.n_12","reference","analysis of the fruitful comparison between the collocation of verse-initial ḗpios and verse-initial endukéōs"
"urn:cts:greekLit:tlg0012.tlg002:10.450","urn:cts:ahcip:GregoryNagy.PoetryAsPerformance:s_45.n_13","reference","Circe here washes and anoints the companions of Odysseus endukéōs. endukéōs is generally associated with the notion of an uninterrupted sequence. See Od. XIV.337, Od. XIV.334, Od. XIV.338, Od. XIV.111, Od. IX.489, Od. X.245, Od. VI.273, Od. XV.305, Od. XVII.111, Od. XVII.113, Od. XIV.390, Od. X.65, Od. XV.491"
"urn:cts:greekLit:tlg0012.tlg002:23.90","urn:cts:ahcip:GregoryNagy.PoetryAsPerformance:s_45.n_14","reference","notes the combination of endukéōs with tréphō. endukéōs is generally associated with the notion of an uninterrupted sequence. See Od. XIV.337, Od. XIV.334, Od. XIV.338, Od. XIV.111, Od. IX.489, Od. X.245, Od. VI.273, Od. XV.305, Od. XVII.111, Od. XVII.113, Od. XIV.390, Od. X.65, Od. XV.491"
"urn:cts:greekLit:tlg0012.tlg002:7.256","urn:cts:ahcip:GregoryNagy.PoetryAsPerformance:s_45.n_14","reference","notes the combination of endukéōs with tréphō. endukéōs is generally associated with the notion of an uninterrupted sequence. See Od. XIV.337, Od. XIV.334, Od. XIV.338, Od. XIV.111, Od. IX.489, Od. X.245, Od. VI.273, Od. XV.305, Od. XVII.111, Od. XVII.113, Od. XIV.390, Od. X.65, Od. XV.491"
"urn:cts:greekLit:tlg0012.tlg002:19.521","urn:cts:ahcip:GregoryNagy.PoetryAsPerformance:s_49.n_28","partially quoted and translated","evidence for Nicander’s attestation of endukés as an adverb, ‘continuous’ in Theriaka 263"
"urn:cts:greekLit:tlg0012.tlg001:11.564","urn:cts:ahcip:GregoryNagy.PoetryAsPerformance:s_49.n_29","reference","evidence for polu- meaning not just ‘many’ or ‘much’ but ‘many different’"
"urn:cts:greekLit:tlg0012.tlg001:2.804","urn:cts:ahcip:GregoryNagy.PoetryAsPerformance:s_49.n_29","reference","evidence for polu- meaning not just ‘many’ or ‘much’ but ‘many different’"
"urn:cts:greekLit:tlg0012.tlg001:17.156","urn:cts:ahcip:GregoryNagy.PoetryAsPerformance:s_49.n_29","reference","evidence for polu- meaning not just ‘many’ or ‘much’ but ‘many different’"
"urn:cts:greekLit:tlg0012.tlg001:11.642","urn:cts:ahcip:GregoryNagy.PoetryAsPerformance:s_49.n_29","reference","evidence for polu- meaning not just ‘many’ or ‘much’ but ‘many different’"
"urn:cts:greekLit:tlg0012.tlg001:9.563","urn:cts:ahcip:GregoryNagy.PoetryAsPerformance:s_51","partially quoted and translated","analysis of the epithet of the (h)alkúōn, polupenthḗs [es- stem penthéos], as a morphological and semantic parallelism to poludeukús, epithet of aēdōn"
"urn:cts:greekLit:tlg0012.tlg001:3.237","urn:cts:ahcip:GregoryNagy.PoetryAsPerformance:s_51","reference","analysis of the name of Poludeúkēs, one of the two Divine Twins. In the mythological functions of the divine figure Poludeúkēs, the idea of continuity seems as evident as that of variety, since the divine twins are models of consistency, perseverance, reliability. See Homeric Hymn 33. The repetition of the same, each repetition being different, is an idea encapsulated in the very identity of Poludeúkēs as a twin"
"urn:cts:greekLit:tlg0012.tlg002:11.300","urn:cts:ahcip:GregoryNagy.PoetryAsPerformance:s_51","reference","analysis of the name of Poludeúkēs, one of the two Divine Twins. In the mythological functions of the divine figure Poludeúkēs, the idea of continuity seems as evident as that of variety, since the divine twins are models of consistency, perseverance, reliability. See Homeric Hymn 33. The repetition of the same, each repetition being different, is an idea encapsulated in the very identity of Poludeúkēs as a twin"
"urn:cts:greekLit:tlg0012.tlg002:15.249","urn:cts:ahcip:GregoryNagy.PoetryAsPerformance:s_51.n_36","reference","notes that Polupheídēs in Od. XV.249 could also means ‘having parsimony in many different ways’ or ‘many times’"
"urn:cts:greekLit:tlg0013.tlg003:163-164","urn:cts:ahcip:GregoryNagy.PoetryAsPerformance:s_56-s_57","reference","analysis of the Delian maidens, who are models of mimesis in that they show the way for others to re-enact them by demonstrating their own power to re-enact all other peoples, in all their varieties"
"urn:cts:greekLit:tlg0013.tlg003:163-164","urn:cts:ahcip:GregoryNagy.PoetryAsPerformance:s_73","reference","analysis of the Delian maidens, who are models of mimesis in that they show the way for others to re-enact them by demonstrating their own power to re-enact all other peoples, in all their varieties"
"urn:cts:greekLit:tlg0013.tlg003:163-164","urn:cts:ahcip:GregoryNagy.PoetryAsPerformance:s_81","[MRBTP: missing]","analysis of the Delian maidens, who are models of mimesis in that they show the way for others to re-enact them by demonstrating their own power to re-enact all other peoples, in all their varieties"
"urn:cts:greekLit:tlg0013.tlg003:162-165","urn:cts:ahcip:GregoryNagy.PoetryAsPerformance:s_56.n_59","reference","reference to Burkert’s interpretation of these lines as a reference to the ‘performance of choral lyrics’ (Burkert 1987.54)"
"urn:cts:greekLit:tlg0012.tlg001:1.1","urn:cts:ahcip:GregoryNagy.PoetryAsPerformance:s_61","reference","analysis of the singer’s role as an authoritative voice who re-tells the audience the ipissima verba emanating from the Muses and the Heroic Age. See Il. II.484, Il. XI.218, Il. 14.508, Il. XVI.112, Il. II.761"
"urn:cts:greekLit:tlg0012.tlg002:1.1","urn:cts:ahcip:GregoryNagy.PoetryAsPerformance:s_61","reference","analysis of the singer’s role as an authoritative voice who re-tells the audience the ipissima verba emanating from the Muses and the Heroic Age. See Il. II.484, Il. XI.218, Il. 14.508, Il. XVI.112, Il. II.761"
"urn:cts:greekLit:tlg0012.tlg001:2.484","urn:cts:ahcip:GregoryNagy.PoetryAsPerformance:s_61","analysis of the role of the singer as, not a representation, but a re-enactment of Homer. The “I” is not a representation of Homer","it is Homer. Compare to Il. I.1, Od. I.1"
"urn:cts:greekLit:tlg0012.tlg001:11.218","urn:cts:ahcip:GregoryNagy.PoetryAsPerformance:s_61","analysis of the role of the singer as, not a representation, but a re-enactment of Homer. The “I” is not a representation of Homer","it is Homer. Compare to Il. I.1, Od. I.1"
"urn:cts:greekLit:tlg0012.tlg001:14.508","urn:cts:ahcip:GregoryNagy.PoetryAsPerformance:s_61","analysis of the role of the singer as, not a representation, but a re-enactment of Homer. The “I” is not a representation of Homer","it is Homer. Compare to Il. I.1, Od. I.1"
"urn:cts:greekLit:tlg0012.tlg001:16.112","urn:cts:ahcip:GregoryNagy.PoetryAsPerformance:s_61","analysis of the role of the singer as, not a representation, but a re-enactment of Homer. The “I” is not a representation of Homer","it is Homer. Compare to Il. I.1, Od. I.1"
"urn:cts:greekLit:tlg0012.tlg001:2.761","urn:cts:ahcip:GregoryNagy.PoetryAsPerformance:s_61","analysis of the role of the singer as, not a representation, but a re-enactment of Homer. The “I” is not a representation of Homer","it is Homer. Compare to Il. I.1, Od. I.1"
"urn:cts:greekLit:tlg0012.tlg001:2.484","urn:cts:ahcip:GregoryNagy.PoetryAsPerformance:s_44.n_11","reference","reference to instances of the line ‘tell, Muse!’ (See Martin 1989.238)"
"urn:cts:greekLit:tlg0012.tlg001:11.218","urn:cts:ahcip:GregoryNagy.PoetryAsPerformance:s_44.n_11","reference","reference to instances of the line ‘tell, Muse!’ (See Martin 1989.238)"
"urn:cts:greekLit:tlg0012.tlg001:14.508","urn:cts:ahcip:GregoryNagy.PoetryAsPerformance:s_44.n_11","reference","reference to instances of the line ‘tell, Muse!’ (See Martin 1989.238)"
"urn:cts:greekLit:tlg0012.tlg001:16.112","urn:cts:ahcip:GregoryNagy.PoetryAsPerformance:s_44.n_11","reference","reference to instances of the line ‘tell, Muse!’ (See Martin 1989.238)"
"urn:cts:greekLit:tlg0012.tlg001:2.761","urn:cts:ahcip:GregoryNagy.PoetryAsPerformance:s_44.n_11","reference","reference to instances of the line ‘tell, Muse!’ (See Martin 1989.238)"
"urn:cts:greekLit:tlg0013.tlg003:172-173","urn:cts:ahcip:GregoryNagy.PoetryAsPerformance:s_62","reference","example of the notion that singer is not a representation, but a re-enactment of Homer. The “I” is not a representation of Homer; it is Homer. See Il. II.484, Il. XI.218, Il. 14.508, Il. XVI.112, Il. II.761"
"urn:cts:greekLit:tlg0012.tlg002:8.74","urn:cts:ahcip:GregoryNagy.PoetryAsPerformance:s_63","partially quoted","analysis of genitive of oímē, which here marks the departure for the performance of the first song of Demodocus"
"urn:cts:greekLit:tlg0012.tlg002:8.429","urn:cts:ahcip:GregoryNagy.PoetryAsPerformance:s_64.n_22","partially quoted and translated","agreement with the argument of Koller (1956.177) that ἀοιδῆς ὕμνον conveys the idea of the totality of performance"
"urn:cts:greekLit:tlg0012.tlg001:7.324","urn:cts:ahcip:GregoryNagy.PoetryAsPerformance:s_64.n_23","reference","analysis of the survival of weaving and sewing as metaphors for songmaking"
"urn:cts:greekLit:tlg0012.tlg002:4.739","urn:cts:ahcip:GregoryNagy.PoetryAsPerformance:s_64.n_23","reference","analysis of the survival of weaving and sewing as metaphors for songmaking"
"urn:cts:greekLit:tlg0012.tlg001:18.367","urn:cts:ahcip:GregoryNagy.PoetryAsPerformance:s_64.n_23","reference","analysis of the survival of weaving and sewing as metaphors for songmaking"
"urn:cts:greekLit:tlg0012.tlg002:3.118","urn:cts:ahcip:GregoryNagy.PoetryAsPerformance:s_64.n_23","reference","analysis of the survival of weaving and sewing as metaphors for songmaking"
"urn:cts:greekLit:tlg0012.tlg002:12.189-12.191","urn:cts:ahcip:GregoryNagy.PoetryAsPerformance:s_64.n_23","reference","analysis of the survival of weaving and sewing as metaphors for songmaking"
"urn:cts:greekLit:tlg0012.tlg001:3.125-3.128","urn:cts:ahcip:GregoryNagy.PoetryAsPerformance:s_64.n_23","reference","analysis of the survival of weaving and sewing as metaphors for songmaking"
"urn:cts:greekLit:tlg0012.tlg001:3.212","urn:cts:ahcip:GregoryNagy.PoetryAsPerformance:s_64.n_23","reference","analysis of the survival of weaving and sewing as metaphors for songmaking"
"urn:cts:greekLit:tlg0012.tlg001:5.734-5.735","urn:cts:ahcip:GregoryNagy.PoetryAsPerformance:s_65","reference","analysis of the poikílos… péplos, the ultimate fabric of Athena. The fabric of song is likewise poikílos. See Pindar F 179, Hesiod Works and Days 203"
"urn:cts:greekLit:tlg0012.tlg001:9.184-9.191","urn:cts:ahcip:GregoryNagy.PoetryAsPerformance:s_71-s_73","partially quoted and translated","analysis of Achilles as a representation of the ultimate paradigm of singers. Argues that the meaning of Patrkléēs is pertinent to the rhapsodic implications of this passage. In this Homeric image of Patroklos waiting for his turn to sing, then, we have in capsule form the esthetics of rhapsodic sequencing "
"urn:cts:greekLit:tlg0012.tlg001:23.340","urn:cts:ahcip:GregoryNagy.PoetryAsPerformance:s_74-s_75","reference","analysis of kúklos as a metaphor for the sum total of Homeric poetry and the craft of the carpenter to the art of the poet. See Pindar Pythian 3.112-114, Il. IV.110, Il. XXIII.712. This traditional pattern of thinking explains the classification of the aoidós and the téktōn under the category of dēmiourgós (Od. XVII.381-385)"
"urn:cts:greekLit:tlg0012.tlg001:5.722","urn:cts:ahcip:GregoryNagy.PoetryAsPerformance:s_74-s_75","reference","analysis of kúklos as a metaphor for the sum total of Homeric poetry and the craft of the carpenter to the art of the poet. See Pindar Pythian 3.112-114, Il. IV.110, Il. XXIII.712. This traditional pattern of thinking explains the classification of the aoidós and the téktōn under the category of dēmiourgós (Od. XVII.381-385)"
"urn:cts:greekLit:tlg0012.tlg001:4.110","urn:cts:ahcip:GregoryNagy.PoetryAsPerformance:s_74","reference","analysis of connection between the metaphor of the master carpenter and the art of the poet and of kúklos as a metaphor for the sum total of Homeric poetry. See Il. XXIII.340, Il. V.722"
"urn:cts:greekLit:tlg0012.tlg001:23.712","urn:cts:ahcip:GregoryNagy.PoetryAsPerformance:s_74","reference","analysis of connection between the metaphor of the master carpenter and the art of the poet and of kúklos as a metaphor for the sum total of Homeric poetry. See Il. XXIII.340, Il. V.722"
"urn:cts:greekLit:tlg0012.tlg002:17.381-17.385","urn:cts:ahcip:GregoryNagy.PoetryAsPerformance:s_75","reference","analysis of the traditional pattern of thinking that matches the classification of both the aoidós and the téktōn under the category of dēmiourgós. Connected to analysis of the metaphor of the master carpenter and the art of the poet and of kúklos as a metaphor for the sum total of Homeric poetry. See Pindar Pythian 3.112-114, Il. IX.110, Il. XXIII.712, Il. XXIII.340"
"urn:cts:greekLit:tlg0012.tlg001:24.725-24.745","urn:cts:ahcip:GregoryNagy.PoetryAsPerformance:s_84","reference","example in support of the argument that whereas a performer performs for an audience, a group can perform together for a group. Here, it is as if the lamenting woman were addressing not only her group but also the audience that is listening to the performer as the singer re-enacts the woman singing her lament"
"urn:cts:greekLit:tlg0012.tlg001:18.492","urn:cts:ahcip:GregoryNagy.PoetryAsPerformance:s_84","reference","reference to the fact that númphē can mean not only “bride,” as here, but also “goddess.” See Il. XXIV.616"
"urn:cts:greekLit:tlg0012.tlg001:24.616:","urn:cts:ahcip:GregoryNagy.PoetryAsPerformance:s_84","reference","reference to the fact that númphē can mean not only “goddess,” as here, but also “bride.” See Il. XVIII.492"
"urn:cts:greekLit:tlg0012.tlg001:22.441","urn:cts:ahcip:GregoryNagy.PoetryAsPerformance:s_101.n_40","partially quoted and translated","evidence for suggestion that Aphrodite’s epithet poikilóthronos in Sapho Song 1 is derived from thróna, “embroidered flowers.” thróna poikíla here refers to “varied flower patterns” embroidered into the fabric"
"urn:cts:greekLit:tlg0012.tlg002:19.521","urn:cts:ahcip:GregoryNagy.PoetryAsPerformance:s_103","partially quoted and translated","analysis of the Nightingale’s epithet trōpôsa, which refers to ancient songmaking metaphor that paradoxically told of reaching a goal of novelty by maintaining, in a vast variety of ways, a genuine sense of continuity"
"urn:cts:greekLit:tlg0012.tlg002:19.521","urn:cts:ahcip:GregoryNagy.PoetryAsPerformance:s_103.n_50","reference","reference to Antisthenes F 187, where this epithet is connected with polútropos at Od. I.1, because he is skillful with words"
"urn:cts:greekLit:tlg0012.tlg002:16.161","urn:cts:ahcip:GregoryNagy.PoetryAsPerformance:s_112.n_24","partially quoted and translated","analysis of oblique Homeric reference to the ‘presence’ of Athena at the Panathenaia"
"urn:cts:greekLit:tlg0012.tlg001:23.328","urn:cts:ahcip:GregoryNagy.PoetryAsPerformance:s_121","reference","reference to exegetical problem discussed in Aristotle Sophistici Elenchi chapters 18, 19"
"urn:cts:greekLit:tlg0012.tlg001:2.15","urn:cts:ahcip:GregoryNagy.PoetryAsPerformance:s_121.n_69","[MRBTP: missing]","reference to Hintenlang’s discussion of issues of interpretation (Hintenlang 1961.76n1)"
"urn:cts:greekLit:tlg0012.tlg002:15.441","urn:cts:ahcip:GregoryNagy.PoetryAsPerformance:s_128","reference","discussion of accentual idiosyncrasies in Homer. See Il. III.20"
"urn:cts:greekLit:tlg0012.tlg001:3.20","urn:cts:ahcip:GregoryNagy.PoetryAsPerformance:s_128","quoted and translated","discussion of accentual idiosyncrasies in Homer. See Od. XV.441"
"urn:cts:greekLit:tlg0012.tlg001:13.107","urn:cts:ahcip:GregoryNagy.PoetryAsPerformance:s_129.n_99","reference","analysis of Janko’s argument that the manuscript reading δ’ἑκάθεν at Il. XIII.107 is “superior” to OCT edition, which replaces δ’ἑκάθεν with δὲ ἑκάς on the basis of its older form and appearance at Il. V.791 (Janko 1990.332-334)"
"urn:cts:greekLit:tlg0012.tlg001:5.791","urn:cts:ahcip:GregoryNagy.PoetryAsPerformance:s_129.n_99","reference","analysis of Janko’s argument that the manuscript reading δ’ἑκάθεν at Il. XIII.107 is “superior” to OCT edition, which replaces δ’ἑκάθεν with δὲ ἑκάς on the basis of its older form and appearance at Il. V.791 (Janko 1990.332-334)"
"urn:cts:greekLit:tlg0012.tlg001:8.526","urn:cts:ahcip:GregoryNagy.PoetryAsPerformance:s_133","partially quoted and translated","analysis of variant expunged by the manuscript tradition but supported by Zenodotus. Modern scholarship (Muellner 1976.58-62) supports Zenodotus by proving syntactic possibility of the formulaic line. However, neither variant has a claim to be original reading because both variants are traditional "
"urn:cts:greekLit:tlg0012.tlg001:8.526","urn:cts:ahcip:GregoryNagy.PoetryAsPerformance:s_148","reference","analysis of van der Valk’s argument that Zenodotus’ reading ἔλπομαι εὐχόμενος is superior to the Aristarchus’ and manuscript tradition’s reading (van der Valk 1964.76). Argues that both readings have been shown to be traditional (Muellner 1976)"
"urn:cts:greekLit:tlg0012.tlg001:1.5","urn:cts:ahcip:GregoryNagy.PoetryAsPerformance:s_134","reference","analysis of Zenodotus’ alternate reading οἰωνοῖσι τε δαῖτα (Athenaeus Epitome 12f)"
"urn:cts:greekLit:tlg0012.tlg001:1.5","urn:cts:ahcip:GregoryNagy.PoetryAsPerformance:s_134.n_118","[MRBTP: missing]","discussion of Zenodotus’ athetized lines Il. I.4-5 and its relationship to alternate reading οἰωνοῖσι τε δαῖτα (Athenaeus Epitome 12f)"
"urn:cts:greekLit:tlg0012.tlg001:1.5","urn:cts:ahcip:GregoryNagy.PoetryAsPerformance:s_135.n_120","[MRBTP: missing]","analysis of Zenodotus’ alternate reading οἰωνοῖσι τε δαῖτα (Athenaeus Epitome 12f)."
"urn:cts:greekLit:tlg0012.tlg001:5.52","urn:cts:ahcip:GregoryNagy.PoetryAsPerformance:s_135.n_120","reference","evidence for the manuscript tradition at Il. I.5 in opposition to Zenodotus’ alternate reading οἰωνοῖσι τε δαῖτα (Athenaeus Epitome 12f)"
"urn:cts:greekLit:tlg0012.tlg002:18.85","urn:cts:ahcip:GregoryNagy.PoetryAsPerformance:s_135.n_120","reference","evidence for the manuscript tradition at Il. I.5 in opposition to Zenodotus’ alternate reading οἰωνοῖσι τε δαῖτα (Athenaeus Epitome 12f)"
"urn:cts:greekLit:tlg0012.tlg001:24.43","urn:cts:ahcip:GregoryNagy.PoetryAsPerformance:s_135.n_120","partially quoted and translated","evidence for Zenodotus’ alternate reading οἰωνοῖσι τε δαῖτα (Athenaeus Epitome 12f) at Il. I.5"
"urn:cts:greekLit:tlg0012.tlg001:9.458-9.461","urn:cts:ahcip:GregoryNagy.PoetryAsPerformance:s_139.n_135","reference","analysis of Janko’s defense of plus-verses excised by Aristarchus (Janko 1992.334)"
"urn:cts:greekLit:tlg0012.tlg001:23.335:","urn:cts:ahcip:GregoryNagy.PoetryAsPerformance:s_142","reference","reference to the fact Plato and Xenophon each report variant readings that are not found in the manuscript tradition (Labarbe 1949.415-416)"
"urn:cts:greekLit:tlg0012.tlg001:23.92","urn:cts:ahcip:GregoryNagy.PoetryAsPerformance:s_147.n_169","reference","reference to Reeve’s contention that Aristarchus’ use of perissós could have rested on documentary evidence (Reeve 1972.250). These three lines are examples of athetesis that rests on documentary evidence"
"urn:cts:greekLit:tlg0012.tlg001:4.88","urn:cts:ahcip:GregoryNagy.PoetryAsPerformance:s_147.n_169","reference","reference to Reeve’s contention that Aristarchus’ use of perissós could have rested on documentary evidence (Reeve 1972.250). These three lines are examples of athetesis that rests on documentary evidence"
"urn:cts:greekLit:tlg0012.tlg001:21.290","urn:cts:ahcip:GregoryNagy.PoetryAsPerformance:s_147.n_169","reference","reference to Reeve’s contention that Aristarchus’ use of perissós could have rested on documentary evidence (Reeve 1972.250). These three lines are examples of athetesis that rests on documentary evidence"
"urn:cts:greekLit:tlg0012.tlg001:23.77","urn:cts:ahcip:GregoryNagy.PoetryAsPerformance:s_147.n_170","reference","reference to Citti’s recognition of the fact that Aeschines Against Timarchus 149 contains a variant οὐ γὰρ ἔτι, which is shared by some of the city-editions of Homer (politikaí) (Citti 1966.30)"
"urn:cts:greekLit:tlg0012.tlg001:21.351","urn:cts:ahcip:GregoryNagy.PoetryAsPerformance:s_148","reference","analysis of archaism kúeiros that appears in the city-editions of Homer (politikaí), which is preserved in scholia AT"
"urn:cts:greekLit:tlg0012.tlg001:5.723","urn:cts:ahcip:GregoryNagy.PoetryAsPerformance:s_148.n_174","reference","reference that both lines have comparable instances of verse-final ἀμφίς"
"urn:cts:greekLit:tlg0012.tlg001:14.123","urn:cts:ahcip:GregoryNagy.PoetryAsPerformance:s_148.n_174","reference","reference that both lines have comparable instances of verse-final ἀμφίς"
"urn:cts:greekLit:tlg0012.tlg001:18.483-18.608","urn:cts:ahcip:GregoryNagy.PoetryAsPerformance:s_151","reference","reference reference to Zenodotus’ opinion that Homer could not have composed the Shield of Achilles. See scholia Il. XVIII.483 (A)"
"urn:cts:greekLit:tlg0012.tlg002:2.434","urn:cts:ahcip:GregoryNagy.PoetryAsPerformance:s_161.n_30","reference","reference to the importance of δέ at the beginning of a rhapsodic performance. Argues that separation of μέν and δέ does not signify that book-divisions are a product of the Hellenistic age but of rhapsodic practices "
"urn:cts:greekLit:tlg0012.tlg002:3.1","urn:cts:ahcip:GregoryNagy.PoetryAsPerformance:s_161.n_30","reference","reference to the importance of δέ at the beginning of a rhapsodic performance. Argues that separation of μέν and δέ does not signify that book-divisions are a product of the Hellenistic age but of rhapsodic practices "
"urn:cts:greekLit:tlg0012.tlg001:18.354-18.356","urn:cts:ahcip:GregoryNagy.PoetryAsPerformance:s_161.n_30","reference","reference to the importance of δέ at the beginning of a rhapsodic performance. Argues that separation of μέν and δέ does not signify that book-divisions are a product of the Hellenistic age but of rhapsodic practices "
"urn:cts:greekLit:tlg0012.tlg001:18.356","urn:cts:ahcip:GregoryNagy.PoetryAsPerformance:s_162","reference","reference to a Homeric reference in Plutarch Quaestiones convivales 736e"
"urn:cts:greekLit:tlg0012.tlg001:2.637","urn:cts:ahcip:GregoryNagy.PoetryAsPerformance:s_172.n_70","reference","analysis of Eustathius’ notion (1.9) of the ancient rationale of distinct color schemes "
"urn:cts:greekLit:tlg0012.tlg002:9.125","urn:cts:ahcip:GregoryNagy.PoetryAsPerformance:s_172.n_70","reference","analysis of Eustathius’ notion (1.9) of the ancient rationale of distinct color schemes "
"urn:cts:greekLit:tlg0012.tlg002:11.124","urn:cts:ahcip:GregoryNagy.PoetryAsPerformance:s_172.n_70","reference","analysis of Eustathius’ notion (1.9) of the ancient rationale of distinct color schemes "
"urn:cts:greekLit:tlg0012.tlg002:23.271","urn:cts:ahcip:GregoryNagy.PoetryAsPerformance:s_172.n_70","reference","analysis of Eustathius’ notion (1.9) of the ancient rationale of distinct color schemes "
"urn:cts:greekLit:tlg0012.tlg001:23.716-23.717","urn:cts:ahcip:GregoryNagy.PoetryAsPerformance:s_172.n_70","reference","analysis of Eustathius’ notion (1.9) of the ancient rationale of distinct color schemes "
"urn:cts:greekLit:tlg0012.tlg001:2.594-2.600","urn:cts:ahcip:GregoryNagy.PoetryAsPerformance:s_178","reference","reference to the story of Thamyris and his punishment for insulting the muses, Pausanias reports having seen a statue of Thamyris in the Valley of the Muses, where this prototypical poet is represented as already blinded (9.30.2)"
"urn:cts:greekLit:tlg0012.tlg002:23.296","urn:cts:ahcip:GregoryNagy.PoetryAsPerformance:s_182.n_107","[MRBTP: missing]","reference to the claim of the scholia, which reports that Aristarchus and Aristophanes of Byzantium thought this line marked the end of the authentic Odyssey  "
"urn:cts:greekLit:tlg0012.tlg002:13.310-13.343","urn:cts:ahcip:GregoryNagy.PoetryAsPerformance:s_182.n_107","reference","reference to scholia, which report that Aristarchus athetized these lines. However, analysis of Aristotle’s reference to these lines shows that his copy of Homer did not stop at Od. XXIII.296"
"urn:cts:greekLit:tlg0012.tlg001:2.409","urn:cts:ahcip:GregoryNagy.PoetryAsPerformance:s_191.n_14","[MRBTP: missing]","reference to report of Demetrius’ negative judgment of ethos reflected in this line in Athenaeus 5.4 Kaibel (177ef)"
"urn:cts:greekLit:tlg0012.tlg002:4.354-4.355","urn:cts:ahcip:GregoryNagy.PoetryAsPerformance:s_202","reference","analysis of lines appearance in Plutarch Life of Alexander 26.5. Evidence for argument that Ptolemaic dynasty created the charter myth that they possessed the text of Alexander the Great, Aristotle’s text of Homer"
"urn:cts:greekLit:tlg0012.tlg002:10.70","urn:cts:ahcip:GregoryNagy.PoetryAsPerformance:s_116.n_46","scholia reference","analysis of khariestátē used to describe a reading adopted by Zenodotus"
"urn:cts:greekLit:tlg0012.tlg001:3.110","urn:cts:ahcip:GregoryNagy.PoetryAsPerformance:s_116.n_46","scholia reference","note that the Chios and Massalia texts are referred to as ekdóseis “editions” [MRBTP: A]"
"urn:cts:greekLit:tlg0012.tlg001:2.53a","urn:cts:ahcip:GregoryNagy.PoetryAsPerformance:s_116.n_46","scholia reference","note that khariestátē is used in the scholia to in textual analysis [MRBTP: A]"
"urn:cts:greekLit:tlg0012.tlg001:2.164a","urn:cts:ahcip:GregoryNagy.PoetryAsPerformance:s_116.n_46","scholia reference","note that khariestátē is used in the scholia to in textual analysis [MRBTP: A]"
"urn:cts:greekLit:tlg0012.tlg001:2.192b","urn:cts:ahcip:GregoryNagy.PoetryAsPerformance:s_116.n_46","scholia reference","note that khariestátē is used in the scholia to in textual analysis [MRBTP: A]"
"urn:cts:greekLit:tlg0012.tlg001:2.196c","urn:cts:ahcip:GregoryNagy.PoetryAsPerformance:s_116.n_46","scholia reference","note that khariestátē is used in the scholia to in textual analysis [MRBTP: T]"
"urn:cts:greekLit:tlg0012.tlg001:3.18a","urn:cts:ahcip:GregoryNagy.PoetryAsPerformance:s_116.n_46","scholia reference","note that khariestátē is used in the scholia to in textual analysis [MRBTP: A]"
"urn:cts:greekLit:tlg0012.tlg001:17.214","urn:cts:ahcip:GregoryNagy.PoetryAsPerformance:s_117.n_48","scholia reference","note that koinaí is used only once to describe ekdóseis [MRBTP: A]"
"urn:cts:greekLit:tlg0012.tlg001:8.349","urn:cts:ahcip:GregoryNagy.PoetryAsPerformance:s_117.n_48","scholia reference","reference to proposed amendment of this scholia (Allen 1924.278) [MRBTP: A]"
"urn:cts:greekLit:tlg0012.tlg001:13.191","urn:cts:ahcip:GregoryNagy.PoetryAsPerformance:s_126","scholia reference","note that of 150 mentions of Aristarchean diórtōsis that Laum counted (Laum 1928.62) only this one reference refers to an accentual variation [MRBTP: A]"
"urn:cts:greekLit:tlg0012.tlg001:16.467c","urn:cts:ahcip:GregoryNagy.PoetryAsPerformance:s_129.n_99","scholia reference","note that Didymus here remarks that Aristarchus would not leave something aparamúthēton. Supports argument that Aristarchus did not rank internal logic ahead of manuscript evidence [MRBTP: A]"
"urn:cts:greekLit:tlg0012.tlg002:22.184","urn:cts:ahcip:GregoryNagy.PoetryAsPerformance:s_132.n_113","scholia reference","note that there is a tendency in the papyri to signal an acute accent belonging to only one word within a given string of words (Laum 1928.164) [MRBTP: P.Oxy. III.428]"
"urn:cts:greekLit:tlg0012.tlg001:21.26","urn:cts:ahcip:GregoryNagy.PoetryAsPerformance:s_130","scholia reference","note of one known exception to the absence of references to rhapsodes [MRBTP: bT]"
"urn:cts:greekLit:tlg0012.tlg001:12.281","urn:cts:ahcip:GregoryNagy.PoetryAsPerformance:s_147","scholia reference","discussion on Citti’s treatment of variant here reported from the Massaliotike edition (Citti 1966.15) [MRBTP: AT]"
"urn:cts:greekLit:tlg0012.tlg001:21.162","urn:cts:ahcip:GregoryNagy.PoetryAsPerformance:s_148","scholia reference","example of the argument that the most convincing proof of a variant’s authenticity is its relative archaism. Variant is also attested in Homeric Hymn 2.15 [MRBTP: AT]"
"urn:cts:greekLit:tlg0012.tlg001:21.351","urn:cts:ahcip:GregoryNagy.PoetryAsPerformance:s_148","scholia reference","example of the argument that the most convincing proof of a variant’s authenticity is its relative archaism [MRBTP: AT]"
"urn:cts:greekLit:tlg0012.tlg001:13.197","urn:cts:ahcip:GregoryNagy.PoetryAsPerformance:s_151","scholia reference","reference to Aristarchus’ apparent belief that Homer was an Athenian who lived around 1000 BC. See Proclus F a 58-62 Severyns, cf. Life of Homer p. 244.13, p. 247.8 Allen [MRBTP: A]"
"urn:cts:greekLit:tlg0012.tlg001:18.483","urn:cts:ahcip:GregoryNagy.PoetryAsPerformance:s_151","scholia reference","reference to Zenodotus’ opinion that Homer could not have composed the Shield of Achilles [MRBTP: A]"
"urn:cts:greekLit:tlg0012.tlg001:12.22a","urn:cts:ahcip:GregoryNagy.PoetryAsPerformance:s_151","scholia reference","reference that implies the Aristarchan tradition believed Homer wrote his poems and that they were read by Hesiod [MRBTP: A]"
"urn:cts:greekLit:tlg0012.tlg001:17.719","urn:cts:ahcip:GregoryNagy.PoetryAsPerformance:s_151","scholia reference","reference that implies the Aristarchan tradition believed Homer wrote his poems and that they were read by Hesiod [MRBTP: A]"
"urn:cts:greekLit:tlg0012.tlg001:10.1","urn:cts:ahcip:GregoryNagy.PoetryAsPerformance:s_181","scholia reference","note that this book is here reported to have been composed by Homer separately and that it was later arranged by Peisistratos to fit into the Iliad [MRBTP: T]"
"urn:cts:greekLit:tlg0012.tlg001:14.221a","urn:cts:ahcip:GregoryNagy.PoetryAsPerformance:s_191.n_14","scholia reference","notes on the sporadic instances where the editorial judgments of a critic named “Demetirus” is recorded. This indicates the existence of a school of Demetrius of Phalerum [MRBTP: A]"
"urn:cts:greekLit:tlg0012.tlg001:15.194","urn:cts:ahcip:GregoryNagy.PoetryAsPerformance:s_191.n_14","scholia reference","notes on the sporadic instances where the editorial judgments of a critic named “Demetirus” is recorded. This indicates the existence of a school of Demetrius of Phalerum [MRBTP: A]"
"urn:cts:greekLit:tlg0012.tlg001:6.414c","urn:cts:ahcip:GregoryNagy.PoetryAsPerformance:s_191.n_14","scholia reference","notes on the sporadic instances where the editorial judgments of a critic named “Demetirus” is recorded. This indicates the existence of a school of Demetrius of Phalerum"
"urn:cts:greekLit:tlg0012.tlg001:13.5b","urn:cts:ahcip:GregoryNagy.PoetryAsPerformance:s_191.n_14","scholia reference","notes on the sporadic instances where the editorial judgments of a critic named “Demetirus” is recorded. This indicates the existence of a school of Demetrius of Phalerum [MRBTP: AT]"
"urn:cts:greekLit:tlg0012.tlg002:3.267","urn:cts:ahcip:GregoryNagy.PoetryAsPerformance:s_191.n_14","scholia reference","note on the only incontrovertible reference to Demetrius of Phalerum"
