"urn:cts:greekLit:tlg0012.tlg002:1.96-1.98","urn:cts:ahcip:LeonardMuellner.TheMeaningOfHomericEYXOMAI:s_51.n_69","reference","comment on overlap between Hermes and Athena (here, Athena’s wearing Hermes’ sandals), in the context of analyzing her reminding of Hermes in O.13.221ff."
"urn:cts:greekLit:tlg0012.tlg002:1.170","urn:cts:ahcip:LeonardMuellner.TheMeaningOfHomericEYXOMAI:s_124","quoted","comparison of Greek formulas for asking a person’s identity with Avestan and Indic parallels, as well as genos eukhesthai einai formulas"
"urn:cts:greekLit:tlg0012.tlg002:1.170-1.177","urn:cts:ahcip:LeonardMuellner.TheMeaningOfHomericEYXOMAI:s_86","reference","analysis of xeinos (etc.) eukhesthai einai formulas as having the same function as genos eukhesthai einai formulas"
"urn:cts:greekLit:tlg0012.tlg002:1.180","urn:cts:ahcip:LeonardMuellner.TheMeaningOfHomericEYXOMAI:s_69","quoted","in a list of attestations of genos eukhesthai einai and its transformations"
"urn:cts:greekLit:tlg0012.tlg002:1.180","urn:cts:ahcip:LeonardMuellner.TheMeaningOfHomericEYXOMAI:s_72","quoting part of the verse","analysis of the development of the formula | eukhomai einai # huios, perhaps from a lyric formula *huios eukhomai einai #"
"urn:cts:greekLit:tlg0012.tlg002:1.180","urn:cts:ahcip:LeonardMuellner.TheMeaningOfHomericEYXOMAI:s_75.n_9","quoted","one of the three places where the convention of naming-statements to omit one’s own name is broken"
"urn:cts:greekLit:tlg0012.tlg002:1.180","urn:cts:ahcip:LeonardMuellner.TheMeaningOfHomericEYXOMAI:s_86","reference","analysis of xeinos (etc.) eukhesthai einai formulas as having the same function as genos eukhesthai einai formulas"
"urn:cts:greekLit:tlg0012.tlg002:1.180","urn:cts:ahcip:LeonardMuellner.TheMeaningOfHomericEYXOMAI:s_124","quoted, reference","comparison of Greek formulas for asking a person’s identity with Avestan and Indic parallels, and here specifically the answers to such questions (genos eukhesthai einai formulas), and their demonstrating that such usages can be inherited phenomena"
"urn:cts:greekLit:tlg0012.tlg002:1.180","urn:cts:ahcip:LeonardMuellner.TheMeaningOfHomericEYXOMAI:s_124.n_59","quoted, reference","comparison of Greek formulas for asking a person’s identity with Avestan and Indic parallels, and here specifically the answers to such questions (genos eukhesthai einai formulas), and their demonstrating that such usages can be inherited phenomena"
"urn:cts:greekLit:tlg0012.tlg002:1.187","urn:cts:ahcip:LeonardMuellner.TheMeaningOfHomericEYXOMAI:s_83","quoted","in a list of eukhesthai einai + social relationship (xeinos, hiketēs)"
"urn:cts:greekLit:tlg0012.tlg002:1.187","urn:cts:ahcip:LeonardMuellner.TheMeaningOfHomericEYXOMAI:s_86","reference","analysis of xeinos (etc.) eukhesthai einai formulas as having the same function as genos eukhesthai einai formulas"
"urn:cts:greekLit:tlg0012.tlg002:1.215-1.216","urn:cts:ahcip:LeonardMuellner.TheMeaningOfHomericEYXOMAI:s_75.n_9","reference","comment on Athena’s naming herself (as Mentes, in disguise) as offering a counter-example to Telemachus’ doubt about who his father is (in these verses), one of the three places where the convention of naming-statements to omit one’s own name is broken"
"urn:cts:greekLit:tlg0012.tlg002:1.215","urn:cts:ahcip:LeonardMuellner.TheMeaningOfHomericEYXOMAI:s_78","quoted","analysis of the contrast between unmarked phanai and marked eukhesthai in contexts where the latter is associated with asserting superiority, here Telemachus’ modesty about his genos as he uses phanai [MRBTP: 'ff']"
"urn:cts:greekLit:tlg0012.tlg002:1.321","urn:cts:ahcip:LeonardMuellner.TheMeaningOfHomericEYXOMAI:s_75.n_9","reference","comment on Athena’s naming herself (as Mentes, in disguise) as offering a counter-example to Telemachus’ doubt about who his father is and the pun on the name Mentes in this verse (one of the three places where the convention of naming-statements to omit one’s own name is broken)"
"urn:cts:greekLit:tlg0012.tlg002:1.378-1.379","urn:cts:ahcip:LeonardMuellner.TheMeaningOfHomericEYXOMAI:s_133.n_92","quoted","analysis of the meaning of epidōsometh’ in I.10.463 and its variant reading epibōsometh’"
"urn:cts:greekLit:tlg0012.tlg002:1.406","urn:cts:ahcip:LeonardMuellner.TheMeaningOfHomericEYXOMAI:s_69","quoted","in a list of attestations of genos eukhesthai einai and its transformations"
"urn:cts:greekLit:tlg0012.tlg002:1.418","urn:cts:ahcip:LeonardMuellner.TheMeaningOfHomericEYXOMAI:s_69","quoted","in a list of attestations of genos eukhesthai einai and its transformations"
"urn:cts:greekLit:tlg0012.tlg002:1.418","urn:cts:ahcip:LeonardMuellner.TheMeaningOfHomericEYXOMAI:s_72","quoting part of the verse","analysis of the development of the formula | eukhomai einai # huios, perhaps from a lyric formula *huios eukhomai einai #"
"urn:cts:greekLit:tlg0012.tlg002:1.418","urn:cts:ahcip:LeonardMuellner.TheMeaningOfHomericEYXOMAI:s_75.n_9","reference","comment on the etiquette of naming conventions, the omission of one’s own name in geneē-speeches vs. mentioning another’s name in such contexts, and stating one’s own name as a sign of special fame (in the context of analyzing genos eukhesthai einai formulas)"
"urn:cts:greekLit:tlg0012.tlg002:2.32","urn:cts:ahcip:LeonardMuellner.TheMeaningOfHomericEYXOMAI:s_105","quoted","analysis of the meaning and uses of piphauskesthai, here in the sense of ‘reveal through speech’ (in the context of analyzing the semantic and formal confusion of piphaskein and piphauskesthai)"
"urn:cts:greekLit:tlg0012.tlg002:2.162","urn:cts:ahcip:LeonardMuellner.TheMeaningOfHomericEYXOMAI:s_105","quoted","analysis of the meaning and uses of piphauskesthai, here in the sense of ‘reveal through speech’ (in the context of analyzing the semantic and formal confusion of piphaskein and piphauskesthai)"
"urn:cts:greekLit:tlg0012.tlg002:2.262-2.267","urn:cts:ahcip:LeonardMuellner.TheMeaningOfHomericEYXOMAI:s_28","quoted","example of a transformation of the themes in a prayer, in the context of the analysis of composition by theme in prayers, which can be amplified or minimized according to circumstances"
"urn:cts:greekLit:tlg0012.tlg002:2.267","urn:cts:ahcip:LeonardMuellner.TheMeaningOfHomericEYXOMAI:s_21-s_23","quoted (p. 21), references","analysis of the formula (A), in which there is a series of variations in the verse as a totality, rather than its segments occurring as independent formulas, and comparison of this prayer by Telemachus to Athena with Achilles’ to Thetis"
"urn:cts:greekLit:tlg0012.tlg002:3.43","urn:cts:ahcip:LeonardMuellner.TheMeaningOfHomericEYXOMAI:s_43","quoted","in a list of examples of eukhesthai + dative (sacral)"
"urn:cts:greekLit:tlg0012.tlg002:3.43","urn:cts:ahcip:LeonardMuellner.TheMeaningOfHomericEYXOMAI:s_45","reference","analysis of the section I of the classification of the attestations of eukhesthai + dative and the flottement in the position of eukheo around the beginning of the line (enjambment and improvisation)"
"urn:cts:greekLit:tlg0012.tlg002:3.43","urn:cts:ahcip:LeonardMuellner.TheMeaningOfHomericEYXOMAI:s_64","quoted","analysis of attestations of eukhesthai + aorist infinitive, here comparing with this verse (eukhesthai + dative) cases where a verse containing an infinitive is enjambed with a verse containing eukhesthai"
"urn:cts:greekLit:tlg0012.tlg002:3.45","urn:cts:ahcip:LeonardMuellner.TheMeaningOfHomericEYXOMAI:s_31","quoted","in a list of examples of absolute use of eukhesthai to report prayers"
"urn:cts:greekLit:tlg0012.tlg002:3.45","urn:cts:ahcip:LeonardMuellner.TheMeaningOfHomericEYXOMAI:s_33-s_34","quoted, references","analysis of this verse as a transformation of a ritual narrative formula containing eukhesthai and spendein, restricted to sacral contexts"
"urn:cts:greekLit:tlg0012.tlg002:3.45","urn:cts:ahcip:LeonardMuellner.TheMeaningOfHomericEYXOMAI:s_63","quoted","analysis of the attestations of eukhesthai + aorist infinitive (and the series to which this verse belongs)"
"urn:cts:greekLit:tlg0012.tlg002:3.47-3.48","urn:cts:ahcip:LeonardMuellner.TheMeaningOfHomericEYXOMAI:s_44","quoted","in a list of examples of eukhesthai + dative (formulas which report prayers)"
"urn:cts:greekLit:tlg0012.tlg002:3.47-3.48","urn:cts:ahcip:LeonardMuellner.TheMeaningOfHomericEYXOMAI:s_48","quoting part of the verses","analysis of the enjambed attestations of #[eukh– –] with dative"
"urn:cts:greekLit:tlg0012.tlg002:3.55-3.56","urn:cts:ahcip:LeonardMuellner.TheMeaningOfHomericEYXOMAI:s_31","quoted","in a list of examples of absolute use of eukhesthai to report prayers (kluein + eukhesthai formulas)"
"urn:cts:greekLit:tlg0012.tlg002:3.55-3.56","urn:cts:ahcip:LeonardMuellner.TheMeaningOfHomericEYXOMAI:s_38","quoted","analysis of kluein + eukhesthai formulas, here, with akouein instead of kluein, and formulas with akouein as formally related to eukhomenos || toud’ eklue (= formula A)"
"urn:cts:greekLit:tlg0012.tlg002:3.55-3.56","urn:cts:ahcip:LeonardMuellner.TheMeaningOfHomericEYXOMAI:s_41-s_43","references","analysis of the unusual enjambment of the formula with eukhesthai and kluein in these verses"
"urn:cts:greekLit:tlg0012.tlg002:3.55-3.61","urn:cts:ahcip:LeonardMuellner.TheMeaningOfHomericEYXOMAI:s_41","quoted","analysis of the unusual enjambment of the formula with eukhesthai and kluein in these verses"
"urn:cts:greekLit:tlg0012.tlg002:3.57","urn:cts:ahcip:LeonardMuellner.TheMeaningOfHomericEYXOMAI:s_109.n_7","reference","examples of the identical contexts in which eukhos and kudos occur"
"urn:cts:greekLit:tlg0012.tlg002:3.62","urn:cts:ahcip:LeonardMuellner.TheMeaningOfHomericEYXOMAI:s_95.n_42","quoted","example of a transformation of formula for fulfilling a prayer (here, Athena in disguise fulfilling her own prayer) occurring in narrative, in the context of analyzing examples of formal divergence between phrases which are functionally parallel but occur in spoken dialogue as against narrative (transformations of (A) paralleled in a secular series)"
"urn:cts:greekLit:tlg0012.tlg002:3.83","urn:cts:ahcip:LeonardMuellner.TheMeaningOfHomericEYXOMAI:s_39.n_57","quoted","example of akouein as a gloss for kleos/kluein, in the context of the analysis of kluein + eukhesthai formulas, here, with akouein instead of kluein, and formulas with akouein as formally related to eukhomenos || toud’ eklue (= formula A)"
"urn:cts:greekLit:tlg0012.tlg002:3.334","urn:cts:ahcip:LeonardMuellner.TheMeaningOfHomericEYXOMAI:s_36.n_50","reference","comment on the nature of the return expected when making a libation that can be either implicit and ordained by custom or made explicit verbally, with this verse as an example of the inexplicit version of the rite"
"urn:cts:greekLit:tlg0012.tlg002:3.337","urn:cts:ahcip:LeonardMuellner.TheMeaningOfHomericEYXOMAI:s_37","quoting part of the verse (p. 37), reference","demonstrating that kluein has no sacral connotations while eukhomenoio/euxamenoio does, in the context of the analyzing kluein + eukhesthai formulas"
"urn:cts:greekLit:tlg0012.tlg002:3.337","urn:cts:ahcip:LeonardMuellner.TheMeaningOfHomericEYXOMAI:s_38.n_54","quoting part of the verse (p. 37), reference","demonstrating that kluein has no sacral connotations while eukhomenoio/euxamenoio does, in the context of the analyzing kluein + eukhesthai formulas"
"urn:cts:greekLit:tlg0012.tlg002:3.352-3.355","urn:cts:ahcip:LeonardMuellner.TheMeaningOfHomericEYXOMAI:s_88","quoted","analysis of the functional overlap between hiketēs and xeinos, argument that in Homer hiketēs still means ‘he who comes, arrives,’ and the constraint to give hospitality to anyone who arrives (hikanein, hikein) at one’s house"
"urn:cts:greekLit:tlg0012.tlg002:3.362","urn:cts:ahcip:LeonardMuellner.TheMeaningOfHomericEYXOMAI:s_79","quoted","in a list of examples of eukhesthai einai + comparative (regarding age)"
"urn:cts:greekLit:tlg0012.tlg002:3.380","urn:cts:ahcip:LeonardMuellner.TheMeaningOfHomericEYXOMAI:s_109","quoted","comparison of eukhos and kudos, and here specifically analysis of the phraseology surrounding them that is paralleled by only kleos"
"urn:cts:greekLit:tlg0012.tlg002:3.380","urn:cts:ahcip:LeonardMuellner.TheMeaningOfHomericEYXOMAI:s_109.n_7","reference","examples of the identical contexts in which eukhos and kudos occur"
"urn:cts:greekLit:tlg0012.tlg002:3.380-3.385","urn:cts:ahcip:LeonardMuellner.TheMeaningOfHomericEYXOMAI:s_56","quoted","analysis of the attestations of eukhesthai + future infinitive, where eukhesthai has been translated as ‘vow’ rather than ‘pray’, and arguing that they are not significant transformations of the prayer structure"
"urn:cts:greekLit:tlg0012.tlg002:3.394","urn:cts:ahcip:LeonardMuellner.TheMeaningOfHomericEYXOMAI:s_43-s_44","quoted","in a list of examples of eukhesthai + dative (sacral), and in a list of anomalous attestations (divergent inflection of eukhesthai, other imperative)"
"urn:cts:greekLit:tlg0012.tlg002:3.394","urn:cts:ahcip:LeonardMuellner.TheMeaningOfHomericEYXOMAI:s_52","quoted","in the discussion of the rationale of the classification of the attestations of eukhesthai + dative"
"urn:cts:greekLit:tlg0012.tlg002:3.447","urn:cts:ahcip:LeonardMuellner.TheMeaningOfHomericEYXOMAI:s_31","quoted","in a list of examples of absolute use of eukhesthai to report prayers"
"urn:cts:greekLit:tlg0012.tlg002:3.477","urn:cts:ahcip:LeonardMuellner.TheMeaningOfHomericEYXOMAI:s_19","reference","analysis of the transformation of formula (A) to (B), which resumes the narrative after an order/exhortation by a man in authority to a group of men to do something (here, to mount chariots), and conclusion that (A)’s eukhomenos was felt to be have sacral connotations inappropriate to the secular contexts of (B)"
"urn:cts:greekLit:tlg0012.tlg002:4.137","urn:cts:ahcip:LeonardMuellner.TheMeaningOfHomericEYXOMAI:s_120.n_41","reference","analysis of the development of Greek posis compared with Vedic pati-"
"urn:cts:greekLit:tlg0012.tlg002:4.504-4.506","urn:cts:ahcip:LeonardMuellner.TheMeaningOfHomericEYXOMAI:s_38","504-505 quoted, reference","the exception to the rule that those hearing speeches denoted by audēsantos/audēsasēs are men (here Poseidon), in the context of analyzing the substitution of audēsantos/audēsasēs for eukhomenoio/euxamenoio as verifying the sacral-semantic split in eukhesthai as against kluein"
"urn:cts:greekLit:tlg0012.tlg002:4.504-4.506","urn:cts:ahcip:LeonardMuellner.TheMeaningOfHomericEYXOMAI:s_38.n_55","quoting part of 505","comment on megal’ in this verse, attested with eukhesthai but nowhere else with audan, suggesting the presence of eukhesthai formulas in the poet’s mind"
"urn:cts:greekLit:tlg0012.tlg002:4.505","urn:cts:ahcip:LeonardMuellner.TheMeaningOfHomericEYXOMAI:s_37","quoting part of the verse (p. 37), reference","demonstrating that kluein has no sacral connotations while eukhomenoio/euxamenoio does, in the context of the analyzing kluein + eukhesthai formulas"
"urn:cts:greekLit:tlg0012.tlg002:4.752","urn:cts:ahcip:LeonardMuellner.TheMeaningOfHomericEYXOMAI:s_43","quoted","in a list of examples of eukhesthai + dative (sacral)"
"urn:cts:greekLit:tlg0012.tlg002:4.752","urn:cts:ahcip:LeonardMuellner.TheMeaningOfHomericEYXOMAI:s_45","reference","analysis of the section I of the classification of the attestations of eukhesthai + dative and the flottement in the position of eukheo around the beginning of the line (enjambment and improvisation)"
"urn:cts:greekLit:tlg0012.tlg002:4.752","urn:cts:ahcip:LeonardMuellner.TheMeaningOfHomericEYXOMAI:s_52","quoted","in the discussion of the rationale of the classification of the attestations of eukhesthai + dative"
"urn:cts:greekLit:tlg0012.tlg002:5.44-5.46","urn:cts:ahcip:LeonardMuellner.TheMeaningOfHomericEYXOMAI:s_51.n_69","reference","comment on overlap between Hermes and Athena (here, Athena’s wearing Hermes’ sandals), in the context of analyzing her reminding of Hermes in O.13.221ff."
"urn:cts:greekLit:tlg0012.tlg002:5.211","urn:cts:ahcip:LeonardMuellner.TheMeaningOfHomericEYXOMAI:s_79","quoted","in a list of examples of eukhesthai einai + comparative/superlative (regarding physical prowess, physical beauty, prestige)"
"urn:cts:greekLit:tlg0012.tlg002:5.445-5.450","urn:cts:ahcip:LeonardMuellner.TheMeaningOfHomericEYXOMAI:s_87","reference","analysis of the functional overlap between hiketēs and xeinos, argument that in Homer hiketēs still means ‘he who comes, arrives,’ and Benveniste’s analysis of its etymology on the basis of figurae etymologicae in Homer"
"urn:cts:greekLit:tlg0012.tlg002:5.449-5.450","urn:cts:ahcip:LeonardMuellner.TheMeaningOfHomericEYXOMAI:s_87","quoted","analysis of the functional overlap between hiketēs and xeinos, argument that in Homer hiketēs still means ‘he who comes, arrives,’ and Benveniste’s analysis of its etymology on the basis of figurae etymologicae in Homer"
"urn:cts:greekLit:tlg0012.tlg002:5.450","urn:cts:ahcip:LeonardMuellner.TheMeaningOfHomericEYXOMAI:s_83","quoted","in a list of eukhesthai einai + social relationship (xeinos, hiketēs)"
"urn:cts:greekLit:tlg0012.tlg002:5.450","urn:cts:ahcip:LeonardMuellner.TheMeaningOfHomericEYXOMAI:s_86-s_88","quoted","analysis of the functional overlap between hiketēs and xeinos, argument that in Homer hiketēs still means ‘he who comes, arrives,’ and Benveniste’s analysis of its etymology on the basis of figurae etymologicae in Homer"
"urn:cts:greekLit:tlg0012.tlg002:5.450","urn:cts:ahcip:LeonardMuellner.TheMeaningOfHomericEYXOMAI:s_111.n_15","reference","this verse, where secular eukhesthai is used in a prayer to specify the grounds on which a response is expected, as evidence that there is a secondary dictional and thematic association between secular and sacral eukhesthai (contra Perpillou)"
"urn:cts:greekLit:tlg0012.tlg002:7.24","urn:cts:ahcip:LeonardMuellner.TheMeaningOfHomericEYXOMAI:s_88","reference","analysis of the functional overlap between hiketēs and xeinos, argument that in Homer hiketēs still means ‘he who comes, arrives,’ and here the collocation of hikanein/hikein and xeinos"
"urn:cts:greekLit:tlg0012.tlg002:7.80","urn:cts:ahcip:LeonardMuellner.TheMeaningOfHomericEYXOMAI:s_70","reference","plural Athēnē (attested in this verse) as meaning ‘Athens and its environs’, in the context of analyzing O.14.199 and O.16.062"
"urn:cts:greekLit:tlg0012.tlg002:7.137-7.138","urn:cts:ahcip:LeonardMuellner.TheMeaningOfHomericEYXOMAI:s_36.n_50","reference","comment on the nature of the return expected when making a libation that can be either implicit and ordained by custom or made explicit verbally, with this verse as the only place where the addressee (Hermes) is explained"
"urn:cts:greekLit:tlg0012.tlg002:7.162-7.166","urn:cts:ahcip:LeonardMuellner.TheMeaningOfHomericEYXOMAI:s_86-s_87","quoted","analysis of the functional overlap between hiketēs and xeinos, argument that in Homer hiketēs still means ‘he who comes, arrives’"
"urn:cts:greekLit:tlg0012.tlg002:8.28","urn:cts:ahcip:LeonardMuellner.TheMeaningOfHomericEYXOMAI:s_88","reference","analysis of the functional overlap between hiketēs and xeinos, argument that in Homer hiketēs still means ‘he who comes, arrives,’ and here the collocation of hikanein/hikein and xeinos"
"urn:cts:greekLit:tlg0012.tlg002:8.221","urn:cts:ahcip:LeonardMuellner.TheMeaningOfHomericEYXOMAI:s_83","quoted","in a list of instances where phanai substitutes for eukhesthai where it is combined with comparative/superlative"
"urn:cts:greekLit:tlg0012.tlg002:8.467","urn:cts:ahcip:LeonardMuellner.TheMeaningOfHomericEYXOMAI:s_59","quoted","comparison of variant formulas with eukhetasthai for eukhomai in formulas with enjambed, present tense, sacral eukhesthai, in the context of analyzing Allen’s text of I.08.526"
"urn:cts:greekLit:tlg0012.tlg002:8.487-8.488","urn:cts:ahcip:LeonardMuellner.TheMeaningOfHomericEYXOMAI:s_51.n_68","quoted","comment on the only other three figures besides Hector for whom descent from Zeus is given, in the context of analyzing the only place in the Homeric corpus where a dative noun after eukhesthai is not a god/gods (but Hektor, and references to his ‘godhead’)"
"urn:cts:greekLit:tlg0012.tlg002:8.523","urn:cts:ahcip:LeonardMuellner.TheMeaningOfHomericEYXOMAI:s_120.n_41","reference","analysis of the development of Greek posis compared with Vedic pati-"
"urn:cts:greekLit:tlg0012.tlg002:8.546-8.547","urn:cts:ahcip:LeonardMuellner.TheMeaningOfHomericEYXOMAI:s_86","reference","analysis of the functional overlap between hiketēs and xeinos, argument that in Homer hiketēs still means ‘he who comes, arrives’"
"urn:cts:greekLit:tlg0012.tlg002:8.570","urn:cts:ahcip:LeonardMuellner.TheMeaningOfHomericEYXOMAI:s_95.n_42","quoted","among examples of formal divergence between phrases which are functionally parallel but occur in spoken dialogue as against narrative (transformations of (A) paralleled in a secular series, of which this verse is an example)"
"urn:cts:greekLit:tlg0012.tlg002:9.19-9.20","urn:cts:ahcip:LeonardMuellner.TheMeaningOfHomericEYXOMAI:s_75.n_9","quoted","one of the three places where the convention of naming-statements to omit one’s own name is broken"
"urn:cts:greekLit:tlg0012.tlg002:9.263","urn:cts:ahcip:LeonardMuellner.TheMeaningOfHomericEYXOMAI:s_83-s_84","quoted, reference","in a list of eukhesthai einai + social relationship and comparison of these kinds of verses with eukhesthai einai + place/father’s name"
"urn:cts:greekLit:tlg0012.tlg002:9.263","urn:cts:ahcip:LeonardMuellner.TheMeaningOfHomericEYXOMAI:s_84","quoted","comparison of eukhesthai einai + social relationship with eukhesthai einai + place/father’s name and arguing that the function of eukhesthai in these is ‘say (proudly, accurately, contentiously)’ [MRBTP: 'ff']"
"urn:cts:greekLit:tlg0012.tlg002:9.266","urn:cts:ahcip:LeonardMuellner.TheMeaningOfHomericEYXOMAI:s_86-s_87","reference","analysis of the functional overlap between hiketēs and xeinos, argument that in Homer hiketēs still means ‘he who comes, arrives’ [MRBTP: 'ff']"
"urn:cts:greekLit:tlg0012.tlg002:9.316","urn:cts:ahcip:LeonardMuellner.TheMeaningOfHomericEYXOMAI:s_108","quoted","in a list of passages exemplifying the complementary metrical distribution of eukhos and kudos"
"urn:cts:greekLit:tlg0012.tlg002:9.399","urn:cts:ahcip:LeonardMuellner.TheMeaningOfHomericEYXOMAI:s_114","quoting part of the verse","analysis of eukhesthai in its concrete sense ‘say a prayer’ with the adverb megala, in the context of postulating ‘say (in a functionally marked context)’ as antecedent of ‘pray’ (eukhesthai in sacral contexts)"
"urn:cts:greekLit:tlg0012.tlg002:9.412","urn:cts:ahcip:LeonardMuellner.TheMeaningOfHomericEYXOMAI:s_43","quoted","in a list of examples of eukhesthai + dative (sacral)"
"urn:cts:greekLit:tlg0012.tlg002:9.412","urn:cts:ahcip:LeonardMuellner.TheMeaningOfHomericEYXOMAI:s_45","reference","analysis of the section I of the classification of the attestations of eukhesthai + dative and the flottement in the position of eukheo around the beginning of the line (enjambment and improvisation)"
"urn:cts:greekLit:tlg0012.tlg002:9.497","urn:cts:ahcip:LeonardMuellner.TheMeaningOfHomericEYXOMAI:s_39","quoted","analysis of ēkousen as a lexical renewal of the petrified ekluen, in the context of analyzing kluō + eukhesthai formulas"
"urn:cts:greekLit:tlg0012.tlg002:9.519","urn:cts:ahcip:LeonardMuellner.TheMeaningOfHomericEYXOMAI:s_69","quoted","in a list of attestations of genos eukhesthai einai and its transformations"
"urn:cts:greekLit:tlg0012.tlg002:9.519","urn:cts:ahcip:LeonardMuellner.TheMeaningOfHomericEYXOMAI:s_72.n_6","reference","on the grammatical constraints, here regarding the use of the second person and fathers eukhomenoi about their sons, in the context of analyzing genos eukhesthai einai formulas"
"urn:cts:greekLit:tlg0012.tlg002:9.529","urn:cts:ahcip:LeonardMuellner.TheMeaningOfHomericEYXOMAI:s_69","quoted","in a list of attestations of genos eukhesthai einai and its transformations"
"urn:cts:greekLit:tlg0012.tlg002:9.529","urn:cts:ahcip:LeonardMuellner.TheMeaningOfHomericEYXOMAI:s_72","reference","on the grammatical constraints, here regarding the use of the second person and fathers eukhomenoi about their sons, in the context of analyzing genos eukhesthai einai formulas"
"urn:cts:greekLit:tlg0012.tlg002:9.529","urn:cts:ahcip:LeonardMuellner.TheMeaningOfHomericEYXOMAI:s_72.n_6","reference","on the grammatical constraints, here regarding the use of the second person and fathers eukhomenoi about their sons, in the context of analyzing genos eukhesthai einai formulas"
"urn:cts:greekLit:tlg0012.tlg002:9.529","urn:cts:ahcip:LeonardMuellner.TheMeaningOfHomericEYXOMAI:s_111.n_15","reference","this verse, where secular eukhesthai is used in a prayer to specify the grounds on which a response is expected, as evidence that there is a secondary dictional and thematic association between secular and sacral eukhesthai (contra Perpillou)"
"urn:cts:greekLit:tlg0012.tlg002:10.115","urn:cts:ahcip:LeonardMuellner.TheMeaningOfHomericEYXOMAI:s_120.n_41","reference","analysis of the development of Greek posis compared with Vedic pati-"
"urn:cts:greekLit:tlg0012.tlg002:11.236","urn:cts:ahcip:LeonardMuellner.TheMeaningOfHomericEYXOMAI:s_79.n_20","quoted","in a list of examples of the functional relationship between eukhesthai and phanai (in the context of analyzing genos eukhesthai einai formulas)"
"urn:cts:greekLit:tlg0012.tlg002:11.236-11.237","urn:cts:ahcip:LeonardMuellner.TheMeaningOfHomericEYXOMAI:s_84","quoted","comparison of eukhesthai einai + social relationship with eukhesthai einai + place/father’s name and arguing that the function of eukhesthai in these is ‘say (proudly, accurately, contentiously)’"
"urn:cts:greekLit:tlg0012.tlg002:11.236-11.237","urn:cts:ahcip:LeonardMuellner.TheMeaningOfHomericEYXOMAI:s_97","quoted","analysis of secular eukhesthai (genos-formula) in catalogue poetry in which phanai can substitute for eukhesthai"
"urn:cts:greekLit:tlg0012.tlg002:11.261","urn:cts:ahcip:LeonardMuellner.TheMeaningOfHomericEYXOMAI:s_89","quoted","in a list of secular eukhesthai reporting speech (absolute usage)"
"urn:cts:greekLit:tlg0012.tlg002:11.261","urn:cts:ahcip:LeonardMuellner.TheMeaningOfHomericEYXOMAI:s_97","reference","analysis of secular eukhesthai (genos-formula) in catalogue poetry in which phanai can substitute for eukhesthai"
"urn:cts:greekLit:tlg0012.tlg002:11.261","urn:cts:ahcip:LeonardMuellner.TheMeaningOfHomericEYXOMAI:s_101.n_6","quoted","one of Corlu’s examples of eukhesthai referring to past actions"
"urn:cts:greekLit:tlg0012.tlg002:11.261-11.263","urn:cts:ahcip:LeonardMuellner.TheMeaningOfHomericEYXOMAI:s_97","quoted","analysis of secular eukhesthai (genos-formula) in catalogue poetry in which phanai can substitute for eukhesthai"
"urn:cts:greekLit:tlg0012.tlg002:11.267","urn:cts:ahcip:LeonardMuellner.TheMeaningOfHomericEYXOMAI:s_98.n_44","reference","place where neither phanai nor eukhesthai are used in the genealogies of the catalogue of heroes in O.11, in the context of the analysis of secular eukhesthai (genos-formula) in catalogue poetry in which phanai can substitute for eukhesthai [MRBTP: 'ff']"
"urn:cts:greekLit:tlg0012.tlg002:11.299","urn:cts:ahcip:LeonardMuellner.TheMeaningOfHomericEYXOMAI:s_98.n_44","reference","place where neither phanai nor eukhesthai are used in the genealogies of the catalogue of heroes in O.11, in the context of the analysis of secular eukhesthai (genos-formula) in catalogue poetry in which phanai can substitute for eukhesthai [MRBTP: 'ff']"
"urn:cts:greekLit:tlg0012.tlg002:11.306","urn:cts:ahcip:LeonardMuellner.TheMeaningOfHomericEYXOMAI:s_97","quoted","analysis of secular eukhesthai (genos-formula) in catalogue poetry in which phanai can substitute for eukhesthai"
"urn:cts:greekLit:tlg0012.tlg002:11.442-11.443","urn:cts:ahcip:LeonardMuellner.TheMeaningOfHomericEYXOMAI:s_105","quoted","analysis of the meaning and uses of piphauskesthai, here in the sense of ‘reveal through speech’ (in the context of analyzing the semantic and formal confusion of piphaskein and piphauskesthai)"
"urn:cts:greekLit:tlg0012.tlg002:11.604","urn:cts:ahcip:LeonardMuellner.TheMeaningOfHomericEYXOMAI:s_51.n_68","reference","comment on the only other three figures besides Hector for whom descent from Zeus is given, in the context of analyzing the only place in the Homeric corpus where a dative noun after eukhesthai is not a god/gods (but Hektor, and references to his ‘godhead’)"
"urn:cts:greekLit:tlg0012.tlg002:12.165","urn:cts:ahcip:LeonardMuellner.TheMeaningOfHomericEYXOMAI:s_105","quoted","analysis of the meaning and uses of piphauskesthai, here in the sense of ‘reveal through speech’ (in the context of analyzing the semantic and formal confusion of piphaskein and piphauskesthai)"
"urn:cts:greekLit:tlg0012.tlg002:12.333-12.334","urn:cts:ahcip:LeonardMuellner.TheMeaningOfHomericEYXOMAI:s_44","quoted","in a list of examples of eukhesthai + dative (formulas which report prayers)"
"urn:cts:greekLit:tlg0012.tlg002:12.333-12.334","urn:cts:ahcip:LeonardMuellner.TheMeaningOfHomericEYXOMAI:s_48","quoting part of the verses","analysis of the enjambed attestations of #[eukh– –] with dative"
"urn:cts:greekLit:tlg0012.tlg002:12.359","urn:cts:ahcip:LeonardMuellner.TheMeaningOfHomericEYXOMAI:s_31-s_32","quoted, reference","in a list of examples of absolute use of eukhesthai to report prayers, and this verse as a case in point about the abundance of finite verbs in the indicative that characterizes the sub-genre of narratives or ritual scenes"
"urn:cts:greekLit:tlg0012.tlg002:13.51","urn:cts:ahcip:LeonardMuellner.TheMeaningOfHomericEYXOMAI:s_44","quoted","in a list of examples of eukhesthai + dative (formulas which report prayers)"
"urn:cts:greekLit:tlg0012.tlg002:13.51","urn:cts:ahcip:LeonardMuellner.TheMeaningOfHomericEYXOMAI:s_47","quoting part of the verse","analysis of the formulas with the three places where eukhesthai + dative has the shape eukh ˘ ˘ – [=short short long], as in this verse"
"urn:cts:greekLit:tlg0012.tlg002:13.178","urn:cts:ahcip:LeonardMuellner.TheMeaningOfHomericEYXOMAI:s_95.n_42","quoted","among examples of formal divergence between phrases which are functionally parallel but occur in spoken dialogue as against narrative (transformations of (A) paralleled in a secular series, of which this verse is an example)"
"urn:cts:greekLit:tlg0012.tlg002:13.185","urn:cts:ahcip:LeonardMuellner.TheMeaningOfHomericEYXOMAI:s_43","quoted","in a list of examples of eukhesthai + dative"
"urn:cts:greekLit:tlg0012.tlg002:13.221","urn:cts:ahcip:LeonardMuellner.TheMeaningOfHomericEYXOMAI:s_51.n_69","reference","analysis of Athena’s reminding of Hermes [MRBTP: 'ff']"
"urn:cts:greekLit:tlg0012.tlg002:13.230-13.231","urn:cts:ahcip:LeonardMuellner.TheMeaningOfHomericEYXOMAI:s_43-s_44","quoted","in a list of examples of eukhesthai + dative (sacral), and in a list of anomalous attestations (divergent inflection of eukhesthai, other imperative)"
"urn:cts:greekLit:tlg0012.tlg002:13.230-13.231","urn:cts:ahcip:LeonardMuellner.TheMeaningOfHomericEYXOMAI:s_48","references","anomaly of the formula in this verse, namely, the complement to eukhomai is not a noun (e.g. name of divinity) but a pronoun"
"urn:cts:greekLit:tlg0012.tlg002:13.230-13.231","urn:cts:ahcip:LeonardMuellner.TheMeaningOfHomericEYXOMAI:s_50-s_51","quoted","analysis of the formulas with a dative after eukhesthai where it is not explicitly a god/a collection of gods, and the irony present when hōs theōi (as in these verses, Odysseus addressing disguised Athena) is used"
"urn:cts:greekLit:tlg0012.tlg002:13.230-13.231","urn:cts:ahcip:LeonardMuellner.TheMeaningOfHomericEYXOMAI:s_59","quoted","analysis of the attestations of sacral eukhesthai in the present tense and comparison of variant formulas with eukhetasthai for eukhesthai in formulas with enjambed, present tense, sacral eukhesthai, in the context of analyzing Allen’s text of I.08.526"
"urn:cts:greekLit:tlg0012.tlg002:13.298-13.299","urn:cts:ahcip:LeonardMuellner.TheMeaningOfHomericEYXOMAI:s_51.n_69","quoted","analysis of Athena’s reminding of Hermes in O.13.221ff."
"urn:cts:greekLit:tlg0012.tlg002:14.187","urn:cts:ahcip:LeonardMuellner.TheMeaningOfHomericEYXOMAI:s_124.n_58","quoted","example of the pairing of question and answer regarding identity (between man and god) in Ancient Greek that matches the Avestan model"
"urn:cts:greekLit:tlg0012.tlg002:14.199","urn:cts:ahcip:LeonardMuellner.TheMeaningOfHomericEYXOMAI:s_69-s_70","quoted","in a list of attestations of genos eukhesthai einai and its transformations and analysis of the archaism in this verse"
"urn:cts:greekLit:tlg0012.tlg002:14.199","urn:cts:ahcip:LeonardMuellner.TheMeaningOfHomericEYXOMAI:s_78.n_17","reference","contrast between Telemachus and Odysseus disguised as a nobleman who has fallen on hard times in their use of phanai and eukhesthai, respectively, in speaking of their genos"
"urn:cts:greekLit:tlg0012.tlg002:14.199","urn:cts:ahcip:LeonardMuellner.TheMeaningOfHomericEYXOMAI:s_124.n_58","quoted","example of the pairing of question and answer regarding identity (between man and god) in Ancient Greek that matches the Avestan model"
"urn:cts:greekLit:tlg0012.tlg002:14.204","urn:cts:ahcip:LeonardMuellner.TheMeaningOfHomericEYXOMAI:s_69","quoted","in a list of attestations of genos eukhesthai einai and its transformations"
"urn:cts:greekLit:tlg0012.tlg002:14.204","urn:cts:ahcip:LeonardMuellner.TheMeaningOfHomericEYXOMAI:s_78.n_17","reference","contrast between Telemachus and Odysseus disguised as a nobleman who has fallen on hard times in their use of phanai and eukhesthai, respectively, in speaking of their genos"
"urn:cts:greekLit:tlg0012.tlg002:14.204","urn:cts:ahcip:LeonardMuellner.TheMeaningOfHomericEYXOMAI:s_124.n_58","reference","example of the pairing of question and answer regarding identity (between man and god) in Ancient Greek that matches the Avestan model"
"urn:cts:greekLit:tlg0012.tlg002:14.439","urn:cts:ahcip:LeonardMuellner.TheMeaningOfHomericEYXOMAI:s_21","quoted","analysis of the formula (A), in which there is a series of variations in the verse as a totality, rather than its segments occurring as independent formulas, contrasted with a whole-line formula (winged words) where segments are substituted"
"urn:cts:greekLit:tlg0012.tlg002:14.463","urn:cts:ahcip:LeonardMuellner.TheMeaningOfHomericEYXOMAI:s_89","quoted","in a list of secular eukhesthai indicating direct speech (introducing speech)"
"urn:cts:greekLit:tlg0012.tlg002:14.463","urn:cts:ahcip:LeonardMuellner.TheMeaningOfHomericEYXOMAI:s_94-s_96","quoted","analysis of the non-formulaic eukhesthai introducing speech in this verse, which is nevertheless analogous to formula (X) (death eukhesthai), though it is not followed by a death announcement but an adventure tale (traditional function aborted by genre-suppression)"
"urn:cts:greekLit:tlg0012.tlg002:14.463-14.466","urn:cts:ahcip:LeonardMuellner.TheMeaningOfHomericEYXOMAI:s_96","quoted","analysis of the non-formulaic eukhesthai introducing speech in these verses, which is nevertheless analogous to formula (X) (death eukhesthai), though it is not followed by a death announcement but an adventure tale (traditional function aborted by genre-suppression)"
"urn:cts:greekLit:tlg0012.tlg002:14.470-14.471","urn:cts:ahcip:LeonardMuellner.TheMeaningOfHomericEYXOMAI:s_96","reference","analysis of the non-formulaic eukhesthai introducing this speech, which is nevertheless analogous to formula (X) (death eukhesthai), though it is not followed by a death announcement but an adventure tale (traditional function aborted by genre-suppression)"
"urn:cts:greekLit:tlg0012.tlg002:14.482","urn:cts:ahcip:LeonardMuellner.TheMeaningOfHomericEYXOMAI:s_96.n_43","quoted","comment on Odysseus’ lack of a cloak in the Doloneia in I.10 in contrast to the other heroes’ elaborately described cloaks, in the context of analyzing O.14.463-466, where the disguised Odysseus tells Eumaios a story of when he tricked Thoas out of his cloak during an ambush"
"urn:cts:greekLit:tlg0012.tlg002:14.508","urn:cts:ahcip:LeonardMuellner.TheMeaningOfHomericEYXOMAI:s_97","reference","analysis of the non-formulaic eukhesthai introducing this speech, which is nevertheless analogous to formula (X) (death eukhesthai), though it is not followed by a death announcement but an adventure tale (traditional function aborted by genre-suppression)"
"urn:cts:greekLit:tlg0012.tlg002:14.520","urn:cts:ahcip:LeonardMuellner.TheMeaningOfHomericEYXOMAI:s_97","reference","analysis of the non-formulaic eukhesthai introducing this speech, which is nevertheless analogous to formula (X) (death eukhesthai), though it is not followed by a death announcement but an adventure tale (traditional function aborted by genre-suppression) [MRBTP: 'ff']"
"urn:cts:greekLit:tlg0012.tlg002:15.181","urn:cts:ahcip:LeonardMuellner.TheMeaningOfHomericEYXOMAI:s_59","quoted","comparison of variant formulas with eukhetasthai for eukhomai in formulas with enjambed, present tense, sacral eukhesthai, in the context of analyzing Allen’s text of I.08.526"
"urn:cts:greekLit:tlg0012.tlg002:15.196","urn:cts:ahcip:LeonardMuellner.TheMeaningOfHomericEYXOMAI:s_83","quoted","in a list of eukhesthai einai + social relationship (xeinos, hiketēs)"
"urn:cts:greekLit:tlg0012.tlg002:15.196","urn:cts:ahcip:LeonardMuellner.TheMeaningOfHomericEYXOMAI:s_86","reference","example of where xeinos de toi eukhomai einai is used to justify asking a host for a special favor"
"urn:cts:greekLit:tlg0012.tlg002:15.222","urn:cts:ahcip:LeonardMuellner.TheMeaningOfHomericEYXOMAI:s_31-s_34","quoted, reference","in a list of examples of absolute use of eukhesthai to report prayers, this verse as a case in point about the abundance of finite verbs in the indicative that characterizes the sub-genre of narratives or ritual scenes, and analysis of this verse as a transformation of a ritual narrative formula"
"urn:cts:greekLit:tlg0012.tlg002:15.258","urn:cts:ahcip:LeonardMuellner.TheMeaningOfHomericEYXOMAI:s_31","quoted","in a list of examples of absolute use of eukhesthai to report prayers (ritual narrative formulas)"
"urn:cts:greekLit:tlg0012.tlg002:15.258","urn:cts:ahcip:LeonardMuellner.TheMeaningOfHomericEYXOMAI:s_33-s_34","[MRBTP: missing]","analysis of this verse as a transformation of a ritual narrative formula containing eukhesthai and spendein, restricted to sacral contexts"
"urn:cts:greekLit:tlg0012.tlg002:15.353-15.354","urn:cts:ahcip:LeonardMuellner.TheMeaningOfHomericEYXOMAI:s_54","quoted","in a list of passages with eukhesthai + infinitive (aorist)"
"urn:cts:greekLit:tlg0012.tlg002:15.353-15.354","urn:cts:ahcip:LeonardMuellner.TheMeaningOfHomericEYXOMAI:s_58-s_61","quoted, references","analysis of the attestations of sacral eukhesthai in the present tense and comparison of variant formulas with eukhetasthai for eukhesthai in formulas with enjambed, present tense, sacral eukhesthai, and switch from Dii patri to Dii t’alloisin te theoisin attested with a variation of the || (short OR two shorts) euxamenos Dii patri # formula which uses epeukhesthai instead of eukhesthai and transformation of the formula with present tense of eukhesthai in I.08.526, in the context of analyzing Allen’s text at I.08.526 vs. Zenodotus’s version of the verse"
"urn:cts:greekLit:tlg0012.tlg002:15.353-15.354","urn:cts:ahcip:LeonardMuellner.TheMeaningOfHomericEYXOMAI:s_61.n_86","quoted","comment on the contrast between eti and aiei in this passage"
"urn:cts:greekLit:tlg0012.tlg002:15.353-15.354","urn:cts:ahcip:LeonardMuellner.TheMeaningOfHomericEYXOMAI:s_64-s_66","quoted, references","analysis of the attestations of eukhesthai + aorist infinitive and that there are no eukhesthai + infinitive formulas, and of the versatility of poetic technique to report prayers (invocation, grant of favor, request of favor)"
"urn:cts:greekLit:tlg0012.tlg002:15.423","urn:cts:ahcip:LeonardMuellner.TheMeaningOfHomericEYXOMAI:s_124.n_58","reference","example of the pairing of question and answer regarding identity (between man and god) in Ancient Greek that matches the Avestan model"
"urn:cts:greekLit:tlg0012.tlg002:15.425","urn:cts:ahcip:LeonardMuellner.TheMeaningOfHomericEYXOMAI:s_69","quoted","in a list of attestations of genos eukhesthai einai and its transformations"
"urn:cts:greekLit:tlg0012.tlg002:15.425","urn:cts:ahcip:LeonardMuellner.TheMeaningOfHomericEYXOMAI:s_124.n_58","reference","example of the pairing of question and answer regarding identity (between man and god) in Ancient Greek that matches the Avestan model"
"urn:cts:greekLit:tlg0012.tlg002:16.57","urn:cts:ahcip:LeonardMuellner.TheMeaningOfHomericEYXOMAI:s_88","reference","analysis of the functional overlap between hiketēs and xeinos, argument that in Homer hiketēs still means ‘he who comes, arrives,’ and here the collocation of hikanein/hikein and xeinos"
"urn:cts:greekLit:tlg0012.tlg002:16.62","urn:cts:ahcip:LeonardMuellner.TheMeaningOfHomericEYXOMAI:s_69-s_70","quoted","in a list of attestations of genos eukhesthai einai and its transformations and analysis of the archaism in this verse"
"urn:cts:greekLit:tlg0012.tlg002:16.67","urn:cts:ahcip:LeonardMuellner.TheMeaningOfHomericEYXOMAI:s_83","quoted","in a list of eukhesthai einai + social relationship (xeinos, hiketēs)"
"urn:cts:greekLit:tlg0012.tlg002:16.67","urn:cts:ahcip:LeonardMuellner.TheMeaningOfHomericEYXOMAI:s_86","quoted","analysis of the functional overlap between hiketēs and xeinos, argument that in Homer hiketēs still means ‘he who comes, arrives’"
"urn:cts:greekLit:tlg0012.tlg002:16.78-16.79","urn:cts:ahcip:LeonardMuellner.TheMeaningOfHomericEYXOMAI:s_88","quoted","analysis of the functional overlap between hiketēs and xeinos, argument that in Homer hiketēs still means ‘he who comes, arrives,’ and the constraint to give hospitality to anyone who arrives (hikanein, hikein) at one’s house"
"urn:cts:greekLit:tlg0012.tlg002:16.312","urn:cts:ahcip:LeonardMuellner.TheMeaningOfHomericEYXOMAI:s_52","quoting part of the verse","in the discussion of the rationale of the classification of the attestations of eukhesthai + dative"
"urn:cts:greekLit:tlg0012.tlg002:16.316","urn:cts:ahcip:LeonardMuellner.TheMeaningOfHomericEYXOMAI:s_52","quoting part of the verse","in the discussion of the rationale of the classification of the attestations of eukhesthai + dative"
"urn:cts:greekLit:tlg0012.tlg002:16.405","urn:cts:ahcip:LeonardMuellner.TheMeaningOfHomericEYXOMAI:s_52","quoting part of the verse","in the discussion of the rationale of the classification of the attestations of eukhesthai + dative"
"urn:cts:greekLit:tlg0012.tlg002:16.446","urn:cts:ahcip:LeonardMuellner.TheMeaningOfHomericEYXOMAI:s_52","quoting part of the verse","in the discussion of the rationale of the classification of the attestations of eukhesthai + dative"
"urn:cts:greekLit:tlg0012.tlg002:17.50-17.51","urn:cts:ahcip:LeonardMuellner.TheMeaningOfHomericEYXOMAI:s_53-s_54","quoted","in a list of examples of eukhesthai + infinitive, analysis of the fixed doublet passages, the only doublets with sacral eukhesthai (this one and I.17.059-060)"
"urn:cts:greekLit:tlg0012.tlg002:17.50-17.51","urn:cts:ahcip:LeonardMuellner.TheMeaningOfHomericEYXOMAI:s_60","quoted","transformation Dii patri  Dii t’alloisin te theoisin, in the context of the analysis of O.15.353 and I.08.526"
"urn:cts:greekLit:tlg0012.tlg002:17.59-17.60","urn:cts:ahcip:LeonardMuellner.TheMeaningOfHomericEYXOMAI:s_53-s_54","quoted","in a list of examples of eukhesthai + infinitive, analysis of the fixed doublet passages, the only doublets with sacral eukhesthai (this one and I.17.050-051)"
"urn:cts:greekLit:tlg0012.tlg002:17.373","urn:cts:ahcip:LeonardMuellner.TheMeaningOfHomericEYXOMAI:s_69","quoted","in a list of attestations of genos eukhesthai einai and its transformations"
"urn:cts:greekLit:tlg0012.tlg002:17.522","urn:cts:ahcip:LeonardMuellner.TheMeaningOfHomericEYXOMAI:s_88","quoted","comparison with this verse with phanai with xeinos/hiketēs eukhesthai einai formulas and argument that in the latter formulas eukhesthai means ‘say (proudly, accurately, contentiously)’"
"urn:cts:greekLit:tlg0012.tlg002:18.218","urn:cts:ahcip:LeonardMuellner.TheMeaningOfHomericEYXOMAI:s_78.n_20","quoted","in a list of examples of the functional relationship between eukhesthai and phanai (in the context of analyzing genos eukhesthai einai formulas)"
"urn:cts:greekLit:tlg0012.tlg002:18.271","urn:cts:ahcip:LeonardMuellner.TheMeaningOfHomericEYXOMAI:s_95.n_42","quoted","among examples of formal divergence between phrases which are functionally parallel but occur in spoken dialogue as against narrative (transformations of (A) paralleled in a secular series, of which this verse is an example)"
"urn:cts:greekLit:tlg0012.tlg002:18.419","urn:cts:ahcip:LeonardMuellner.TheMeaningOfHomericEYXOMAI:s_36.n_50","reference","comment on the nature of the return expected when making a libation that can be either implicit and ordained by custom or made explicit verbally, with this verse as an example of the inexplicit version of the rite"
"urn:cts:greekLit:tlg0012.tlg002:19.191","urn:cts:ahcip:LeonardMuellner.TheMeaningOfHomericEYXOMAI:s_88","quoted","comparison of this verse with phanai with xeinos/hiketēs eukhesthai einai formulas and argument that in the latter formulas eukhesthai means ‘say (proudly, accurately, contentiously)’"
"urn:cts:greekLit:tlg0012.tlg002:20.98-20.99","urn:cts:ahcip:LeonardMuellner.TheMeaningOfHomericEYXOMAI:s_60","quoted","transformation Dii patri  Dii t’alloisin te theoisin, in the context of the analysis of O.15.353 and I.08.526"
"urn:cts:greekLit:tlg0012.tlg002:20.113","urn:cts:ahcip:LeonardMuellner.TheMeaningOfHomericEYXOMAI:s_114","quoting part of the verse","analysis of eukhesthai in its concrete sense ‘say a prayer’ with the adverb megala, in the context of postulating ‘say (in a functionally marked context)’ as antecedent of ‘pray’ (eukhesthai in sacral contexts)"
"urn:cts:greekLit:tlg0012.tlg002:20.192","urn:cts:ahcip:LeonardMuellner.TheMeaningOfHomericEYXOMAI:s_69","quoted","in a list of attestations of genos eukhesthai einai and its transformations"
"urn:cts:greekLit:tlg0012.tlg002:20.294-20.295","urn:cts:ahcip:LeonardMuellner.TheMeaningOfHomericEYXOMAI:s_88","quoted","analysis of the functional overlap between hiketēs and xeinos, argument that in Homer hiketēs still means ‘he who comes, arrives,’ and the constraint to give hospitality to anyone who arrives (hikanein, hikein) at one’s house"
"urn:cts:greekLit:tlg0012.tlg002:20.296-20.302","urn:cts:ahcip:LeonardMuellner.TheMeaningOfHomericEYXOMAI:s_96","reference","comment on Ktesippos as a villain in terms of the morality of the Odyssey"
"urn:cts:greekLit:tlg0012.tlg002:21.145","urn:cts:ahcip:LeonardMuellner.TheMeaningOfHomericEYXOMAI:s_85.n_29","reference","analysis of thuoskoos as not a particularly prestigious occupation, in the context of analyzing Odysseus’ response to Leodes in O.22.321"
"urn:cts:greekLit:tlg0012.tlg002:21.210-21.211","urn:cts:ahcip:LeonardMuellner.TheMeaningOfHomericEYXOMAI:s_40-s_41","quoted, reference","analysis of extending the formula beyond the verse-end in pairings of akouein and eukhesthai, as in this verse"
"urn:cts:greekLit:tlg0012.tlg002:21.210-21.211","urn:cts:ahcip:LeonardMuellner.TheMeaningOfHomericEYXOMAI:s_54","quoted","in a list of passages with eukhesthai + infinitive (aorist)"
"urn:cts:greekLit:tlg0012.tlg002:21.210-21.211","urn:cts:ahcip:LeonardMuellner.TheMeaningOfHomericEYXOMAI:s_58","reference","analysis of Allen’s text at I.08.526 vs. Zenodotus’s version of the verse, and Allen’s version’s being closer to verses like O.21.211"
"urn:cts:greekLit:tlg0012.tlg002:21.210-21.211","urn:cts:ahcip:LeonardMuellner.TheMeaningOfHomericEYXOMAI:s_63","quoted","analysis of the attestations of eukhesthai + aorist infinitive (and the series to which O.21.210-211 belongs)"
"urn:cts:greekLit:tlg0012.tlg002:21.210-21.211","urn:cts:ahcip:LeonardMuellner.TheMeaningOfHomericEYXOMAI:s_66","quoted","analysis of the versatility of poetic technique to report prayers (invocation, grant of favor, request of favor)"
"urn:cts:greekLit:tlg0012.tlg002:21.267","urn:cts:ahcip:LeonardMuellner.TheMeaningOfHomericEYXOMAI:s_49","quoting part","Apollo’s name-epithet formulas which have the same metrical shape as the divine names in the dative in the eukhomai + dative formulas, but which are not used in this system because, unlike the others, they begin with a vowel (here, words occurring before Apollo’s two dative formulas that always end with a consonant)"
"urn:cts:greekLit:tlg0012.tlg002:21.312-21.313","urn:cts:ahcip:LeonardMuellner.TheMeaningOfHomericEYXOMAI:s_88","quoted","analysis of the functional overlap between hiketēs and xeinos, argument that in Homer hiketēs still means ‘he who comes, arrives,’ and the constraint to give hospitality to anyone who arrives (hikanein, hikein) at one’s house"
"urn:cts:greekLit:tlg0012.tlg002:21.335","urn:cts:ahcip:LeonardMuellner.TheMeaningOfHomericEYXOMAI:s_69","quoted","in a list of attestations of genos eukhesthai einai and its transformations"
"urn:cts:greekLit:tlg0012.tlg002:21.338","urn:cts:ahcip:LeonardMuellner.TheMeaningOfHomericEYXOMAI:s_108","quoted","in a list of passages exemplifying the complementary metrical distribution of eukhos and kudos"
"urn:cts:greekLit:tlg0012.tlg002:22.14","urn:cts:ahcip:LeonardMuellner.TheMeaningOfHomericEYXOMAI:s_64","quoted","analysis of the attestations of eukhesthai + aorist infinitive (and the series to which this verse belongs)"
"urn:cts:greekLit:tlg0012.tlg002:22.131","urn:cts:ahcip:LeonardMuellner.TheMeaningOfHomericEYXOMAI:s_105","quoted","analysis of the meaning and uses of piphauskesthai, here in the sense of ‘reveal through speech’ (in the context of analyzing the semantic and formal confusion of piphaskein and piphauskesthai)"
"urn:cts:greekLit:tlg0012.tlg002:22.285-22.291","urn:cts:ahcip:LeonardMuellner.TheMeaningOfHomericEYXOMAI:s_95-s_96","quoted","presence of battle-book formulas in the battle in the Odyssey, here a death announcement, in the context of the analysis of the non-formulaic eukhesthai introducing speech in O.14.463, which is nevertheless analogous to formula (X) (death eukhesthai), though it is not followed by a death announcement but an adventure tale (traditional function aborted by genre-suppression)"
"urn:cts:greekLit:tlg0012.tlg002:22.286","urn:cts:ahcip:LeonardMuellner.TheMeaningOfHomericEYXOMAI:s_91-s_92","quoting part of the verse","in a list of expressions which do not specify the speaker’s name, in the context of analyzing I.11.379 and demonstrating the functional equivalence of eukhesthai in (X) || kai eukhomenos epos ēuda or (Y) hōs ephat’ Argeioisi d’akhos genet’ euxamenoio"
"urn:cts:greekLit:tlg0012.tlg002:22.318-22.319","urn:cts:ahcip:LeonardMuellner.TheMeaningOfHomericEYXOMAI:s_84","quoted","analysis of Odysseus’ response to Leodes in O.22.231 as taking him to take pride in his relationship with the suitors"
"urn:cts:greekLit:tlg0012.tlg002:22.318-22.319","urn:cts:ahcip:LeonardMuellner.TheMeaningOfHomericEYXOMAI:s_85.n_29","reference","analysis of thuoskoos as not a particularly prestigious occupation, in the context of analyzing Odysseus’ response to Leodes in O.22.321"
"urn:cts:greekLit:tlg0012.tlg002:22.321","urn:cts:ahcip:LeonardMuellner.TheMeaningOfHomericEYXOMAI:s_83","quoted","in a list of eukhesthai einai + social relationship"
"urn:cts:greekLit:tlg0012.tlg002:22.321","urn:cts:ahcip:LeonardMuellner.TheMeaningOfHomericEYXOMAI:s_84","quoted","analysis of Odysseus’ response to Leodes in this verse as taking him to take pride in his relationship with the suitors"
"urn:cts:greekLit:tlg0012.tlg002:22.321","urn:cts:ahcip:LeonardMuellner.TheMeaningOfHomericEYXOMAI:s_85.n_29","reference","analysis of thuoskoos as not a particularly prestigious occupation, in the context of analyzing Odysseus’ response to Leodes in O.22.321"
"urn:cts:greekLit:tlg0012.tlg002:22.321","urn:cts:ahcip:LeonardMuellner.TheMeaningOfHomericEYXOMAI:s_119","quoted","comparison of this use of secular eukhesthai to specify social relationships as marks of privilege and identity with Vedic parallels"
"urn:cts:greekLit:tlg0012.tlg002:22.321","urn:cts:ahcip:LeonardMuellner.TheMeaningOfHomericEYXOMAI:s_123","quoted","comparison of this use of secular eukhesthai to specify social relationships as marks of privilege and identity with Vedic parallels"
"urn:cts:greekLit:tlg0012.tlg002:22.351","urn:cts:ahcip:LeonardMuellner.TheMeaningOfHomericEYXOMAI:s_85","reference","contrasting Phemios’ plea to be spared to Odysseus with that of Leodes, in context of the analysis of Odysseus’ response to Leodes in O.22.231 as taking him to take pride in his relationship with the suitors"
"urn:cts:greekLit:tlg0012.tlg002:22.353","urn:cts:ahcip:LeonardMuellner.TheMeaningOfHomericEYXOMAI:s_85","reference","contrasting Phemios’ plea to be spared to Odysseus with that of Leodes, in context of the analysis of Odysseus’ response to Leodes in O.22.231 as taking him to take pride in his relationship with the suitors"
"urn:cts:greekLit:tlg0012.tlg002:22.411-22.415","urn:cts:ahcip:LeonardMuellner.TheMeaningOfHomericEYXOMAI:s_96","quoted","the morality of the Odyssey, here the forbidding of big talk over dead bodies"
"urn:cts:greekLit:tlg0012.tlg002:23.141","urn:cts:ahcip:LeonardMuellner.TheMeaningOfHomericEYXOMAI:s_19","reference","analysis of the transformation of formula (A) to (B), which resumes the narrative after an order/exhortation by a man in authority to a group of men to do something (here, to wash hands), and conclusion that (A)’s eukhomenos was felt to be have sacral connotations inappropriate to the secular contexts of (B)"
"urn:cts:greekLit:tlg0012.tlg002:23.202","urn:cts:ahcip:LeonardMuellner.TheMeaningOfHomericEYXOMAI:s_105","quoted and translated","analysis of the meaning and uses of piphauskesthai (in the context of analyzing the semantic and formal confusion of piphaskein and piphauskesthai), in this verse as ‘show, reveal’"
"urn:cts:greekLit:tlg0012.tlg002:24.114","urn:cts:ahcip:LeonardMuellner.TheMeaningOfHomericEYXOMAI:s_83","quoted","in a list of eukhesthai einai + social relationship (xeinos, hiketēs)"
"urn:cts:greekLit:tlg0012.tlg002:24.114","urn:cts:ahcip:LeonardMuellner.TheMeaningOfHomericEYXOMAI:s_86","reference","example of where xeinos de toi eukhomai einai is used to justify asking a host for a special favor"
"urn:cts:greekLit:tlg0012.tlg002:24.114","urn:cts:ahcip:LeonardMuellner.TheMeaningOfHomericEYXOMAI:s_88","quoted","analysis of the functional overlap between hiketēs and xeinos, argument that in Homer hiketēs still means ‘he who comes, arrives’ and that the only difference between xeinos and hiketēs de toi eukhomai einai is that the speaker of the second has yet to receive hospitality"
"urn:cts:greekLit:tlg0012.tlg002:24.200","urn:cts:ahcip:LeonardMuellner.TheMeaningOfHomericEYXOMAI:s_120.n_41","reference","analysis of the development of Greek posis compared with Vedic pati-"
"urn:cts:greekLit:tlg0012.tlg002:24.269","urn:cts:ahcip:LeonardMuellner.TheMeaningOfHomericEYXOMAI:s_69","quoted","in a list of attestations of genos eukhesthai einai and its transformations"
"urn:cts:greekLit:tlg0012.tlg002:24.269","urn:cts:ahcip:LeonardMuellner.TheMeaningOfHomericEYXOMAI:s_76","quoted","analysis of phanai as contrasting with and substituting for eukhomai, in the context of analyzing the meaning of eukhesthai in genos eukhesthai einai formulas"
"urn:cts:greekLit:tlg0012.tlg002:24.518","urn:cts:ahcip:LeonardMuellner.TheMeaningOfHomericEYXOMAI:s_44","quoted","in a list of examples of eukhesthai + dative (formulas which report prayers)"
"urn:cts:greekLit:tlg0012.tlg002:24.518","urn:cts:ahcip:LeonardMuellner.TheMeaningOfHomericEYXOMAI:s_47","quoted part of the verse","analysis of the formulas with the three places where eukhesthai + dative has the shape eukh ˘ ˘ – [=short short long], with this verse showing a process analogous to what we see in I.11.736"
"urn:cts:greekLit:tlg0012.tlg002:24.521","urn:cts:ahcip:LeonardMuellner.TheMeaningOfHomericEYXOMAI:s_44","quoted","in a list of examples of eukhesthai + dative (formulas which report prayers)"
"urn:cts:greekLit:tlg0012.tlg002:24.521","urn:cts:ahcip:LeonardMuellner.TheMeaningOfHomericEYXOMAI:s_47","quoting part of the verse","analysis of the formulas with the three places where eukhesthai + dative has the shape eukh ˘ ˘ – [=short short long], with this verse showing a process analogous to what we see in I.11.736"
"urn:cts:greekLit:tlg0012.tlg002:24.521","urn:cts:ahcip:LeonardMuellner.TheMeaningOfHomericEYXOMAI:s_64","quoted","analysis of attestations of eukhesthai + aorist infinitive, here comparing with this verse (eukhesthai + dative) cases where a verse containing an infinitive is enjambed with a verse containing eukhesthai"
